"unixtime","temp","oxy","disc"
1661990401,19.385,8.559,0.054816
1661991001,19.37,8.558,0.054793
1661991601,19.3475,8.5605,0.054837
1661992201,19.3225,8.5665,0.054329
1661992801,19.3,8.5765,0.054337
1661993401,19.2775,8.58,0.053962
1661994001,19.2475,8.5825,0.05381
1661994601,19.2225,8.593,0.053766
1661995201,19.1925,8.5995,0.053461
1661995801,19.16,8.6075,0.053538
1661996401,19.13,8.614,0.053605
1661997001,19.1025,8.6195,0.053465
1661997601,19.0675,8.626,0.053641
1661998201,19.0375,8.6365,0.053591
1661998801,19.0075,8.6395,0.053612
1661999401,18.9725,8.6475,0.053574
1662000001,18.95,8.652,0.053686
1662000601,18.9225,8.659,0.053439
1662001201,18.895,8.663,0.053657
1662001801,18.865,8.6675,0.053437
1662002401,18.84,8.674,0.053879
1662003001,18.8125,8.6765,0.053589
1662003601,18.785,8.679,0.05386
1662004201,18.765,8.6835,0.053737
1662004801,18.745,8.69,0.053976
1662005401,18.715,8.699,0.053844
1662006001,18.69,8.699,0.053617
1662006601,18.67,8.703,0.054132
1662007201,18.65,8.709,0.053946
1662007801,18.625,8.7145,0.05408
1662008401,18.6025,8.719,0.053885
1662009001,18.585,8.7215,0.053845
1662009601,18.56,8.7245,0.053828
1662010201,18.54,8.7275,0.053743
1662010801,18.515,8.7335,0.053726
1662011401,18.495,8.7425,0.053776
1662012001,18.475,8.7445,0.05419
1662012601,18.4575,8.7485,0.053809
1662013201,18.4375,8.7515,0.054036
1662013801,18.42,8.757,0.054286
1662014401,18.4,8.759,0.054408
1662015001,18.38,8.7625,0.054281
1662015601,18.36,8.7675,0.054312
1662016201,18.34,8.768,0.054391
1662016801,18.3225,8.7755,0.054297
1662017401,18.305,8.775,0.054453
1662018001,18.2875,8.7805,0.054235
1662018601,18.27,8.7825,0.053964
1662019201,18.2475,8.788,0.054106
1662019801,18.2325,8.7935,0.054119
1662020401,18.215,8.795,0.054231
1662021001,18.2,8.797,0.054397
1662021601,18.185,8.8045,0.054292
1662022201,18.1675,8.807,0.054143
1662022801,18.1525,8.8065,0.053824
1662023401,18.135,8.81,0.053891
1662024001,18.115,8.815,0.054084
1662024601,18.1,8.813,0.053829
1662025201,18.0875,8.819,0.054072
1662025801,18.0725,8.82,0.05389
1662026401,18.055,8.824,0.053574
1662027001,18.035,8.826,0.053891
1662027601,18.025,8.83,0.053891
1662028201,18.005,8.834,0.053816
1662028801,17.99,8.839,0.053556
1662029401,17.9725,8.842,0.053506
1662030001,17.955,8.844,0.053558
1662030601,17.94,8.852,0.053423
1662031201,17.92,8.8535,0.053338
1662031801,17.9,8.859,0.053502
1662032401,17.89,8.862,0.05331
1662033001,17.8725,8.8675,0.053326
1662033601,17.86,8.872,0.053543
1662034201,17.845,8.8745,0.053629
1662034801,17.835,8.878,0.053678
1662035401,17.8225,8.88,0.053247
1662036001,17.8125,8.8825,0.053042
1662036601,17.805,8.8855,0.05337
1662037201,17.7925,8.8865,0.053297
1662037801,17.79,8.8855,0.052875
1662038401,17.795,8.886,0.052882
1662039001,17.7975,8.8825,0.053201
1662039601,17.805,8.8855,0.053291
1662040201,17.8175,8.883,0.053423
1662040801,17.83,8.88,0.053445
1662041401,17.8475,8.876,0.053477
1662042001,17.8675,8.873,0.05333
1662042601,17.89,8.8725,0.053866
1662043201,17.91,8.8685,0.054121
1662043801,17.935,8.8615,0.054009
1662044401,17.9625,8.8575,0.053908
1662045001,17.99,8.854,0.053695
1662045601,18.0225,8.8465,0.054375
1662046201,18.0575,8.839,0.054532
1662046801,18.1025,8.836,0.054269
1662047401,18.15,8.8295,0.054202
1662048001,18.2,8.8225,0.054617
1662048601,18.255,8.813,0.054824
1662049201,18.315,8.8055,0.055214
1662049801,18.375,8.795,0.055313
1662050401,18.4225,8.786,0.055399
1662051001,18.475,8.7705,0.055834
1662051601,18.54,8.7575,0.055058
1662052201,18.59,8.748,0.054999
1662052801,18.645,8.7375,0.055041
1662053401,18.7075,8.724,0.055104
1662054001,18.775,8.7115,0.054951
1662054601,18.8375,8.7015,0.055338
1662055201,18.895,8.694,0.055322
1662055801,18.9325,8.6885,0.054931
1662056401,18.96,8.684,0.055022
1662057001,18.985,8.677,0.054644
1662057601,19.0025,8.6715,0.054504
1662058201,19.025,8.6625,0.054515
1662058801,19.0475,8.6505,0.05433
1662059401,19.07,8.64,0.054153
1662060001,19.1025,8.6325,0.054033
1662060601,19.14,8.6255,0.054057
1662061201,19.145,8.6185,0.054022
1662061801,19.1525,8.6105,0.053667
1662062401,19.165,8.609,0.053196
1662063001,19.17,8.6055,0.053225
1662063601,19.17,8.5975,0.053108
1662064201,19.175,8.5995,0.052922
1662064801,19.18,8.5985,0.052413
1662065401,19.1775,8.59,0.051963
1662066001,19.1725,8.5955,0.051514
1662066601,19.175,8.594,0.051278
1662067201,19.175,8.593,0.051213
1662067801,19.1725,8.589,0.051549
1662068401,19.17,8.5935,0.050827
1662069001,19.1675,8.595,0.050844
1662069601,19.165,8.591,0.050702
1662070201,19.165,8.594,0.050327
1662070801,19.1625,8.6015,0.050225
1662071401,19.165,8.598,0.05009
1662072001,19.165,8.593,0.050035
1662072601,19.165,8.5885,0.050063
1662073201,19.165,8.5875,0.04928
1662073801,19.155,8.5875,0.049727
1662074401,19.1525,8.5865,0.049034
1662075001,19.1425,8.5905,0.049407
1662075601,19.135,8.592,0.049289
1662076201,19.125,8.5915,0.049208
1662076801,19.115,8.592,0.049218
1662077401,19.105,8.596,0.049317
1662078001,19.0975,8.5965,0.049018
1662078601,19.0825,8.5975,0.049016
1662079201,19.0725,8.599,0.049262
1662079801,19.06,8.6,0.048977
1662080401,19.0475,8.6075,0.04848
1662081001,19.035,8.61,0.049183
1662081601,19.0225,8.615,0.048887
1662082201,19.01,8.6175,0.048721
1662082801,18.995,8.6155,0.048879
1662083401,18.985,8.6225,0.048885
1662084001,18.975,8.6265,0.049091
1662084601,18.9625,8.631,0.049243
1662085201,18.9525,8.6335,0.049008
1662085801,18.94,8.636,0.049577
1662086401,18.93,8.6355,0.049325
1662087001,18.92,8.64,0.04924
1662087601,18.9075,8.6415,0.049686
1662088201,18.8975,8.646,0.049661
1662088801,18.8875,8.6455,0.049796
1662089401,18.8775,8.6505,0.049824
1662090001,18.8625,8.653,0.050006
1662090601,18.85,8.658,0.049958
1662091201,18.84,8.662,0.050079
1662091801,18.8225,8.663,0.050509
1662092401,18.8125,8.67,0.050708
1662093001,18.8,8.6685,0.050507
1662093601,18.785,8.6735,0.05075
1662094201,18.77,8.6755,0.051053
1662094801,18.7575,8.681,0.050919
1662095401,18.74,8.6845,0.051266
1662096001,18.7275,8.686,0.051232
1662096601,18.7125,8.689,0.051624
1662097201,18.7025,8.693,0.051944
1662097801,18.69,8.691,0.051707
1662098401,18.675,8.692,0.051915
1662099001,18.665,8.698,0.051812
1662099601,18.655,8.702,0.051802
1662100201,18.6425,8.7025,0.051794
1662100801,18.625,8.7025,0.051867
1662101401,18.61,8.7105,0.051994
1662102001,18.595,8.7125,0.051983
1662102601,18.5775,8.714,0.052047
1662103201,18.5625,8.72,0.051576
1662103801,18.545,8.72,0.051689
1662104401,18.53,8.722,0.05214
1662105001,18.515,8.723,0.052058
1662105601,18.5,8.728,0.051994
1662106201,18.4875,8.7315,0.051857
1662106801,18.4725,8.732,0.051978
1662107401,18.4625,8.737,0.052
1662108001,18.4525,8.74,0.052189
1662108601,18.44,8.741,0.052039
1662109201,18.4325,8.7435,0.051617
1662109801,18.42,8.748,0.051816
1662110401,18.4125,8.7525,0.051731
1662111001,18.405,8.751,0.052297
1662111601,18.3925,8.752,0.052139
1662112201,18.385,8.759,0.05189
1662112801,18.375,8.7585,0.051815
1662113401,18.37,8.7615,0.051989
1662114001,18.36,8.7615,0.051894
1662114601,18.3525,8.7605,0.052116
1662115201,18.345,8.767,0.05194
1662115801,18.335,8.7685,0.051653
1662116401,18.3275,8.7705,0.051756
1662117001,18.3175,8.773,0.051658
1662117601,18.31,8.7755,0.051609
1662118201,18.3025,8.7775,0.051508
1662118801,18.3,8.7865,0.051519
1662119401,18.29,8.7865,0.051292
1662120001,18.28,8.7895,0.051058
1662120601,18.2675,8.7915,0.050988
1662121201,18.26,8.794,0.051132
1662121801,18.25,8.7985,0.051402
1662122401,18.24,8.804,0.050836
1662123001,18.24,8.804,0.050928
1662123601,18.2375,8.8015,0.051116
1662124201,18.245,8.7985,0.050816
1662124801,18.25,8.796,0.051278
1662125401,18.2625,8.7965,0.051347
1662126001,18.2725,8.787,0.051529
1662126601,18.2875,8.7875,0.051501
1662127201,18.3025,8.7865,0.051536
1662127801,18.32,8.7895,0.051596
1662128401,18.34,8.783,0.051503
1662129001,18.3625,8.784,0.051186
1662129601,18.3875,8.783,0.051763
1662130201,18.4175,8.78,0.051746
1662130801,18.4475,8.778,0.051484
1662131401,18.4825,8.7725,0.05147
1662132001,18.52,8.7665,0.051552
1662132601,18.5525,8.7565,0.051317
1662133201,18.5875,8.755,0.051392
1662133801,18.62,8.754,0.051277
1662134401,18.665,8.7425,0.051139
1662135001,18.7125,8.7345,0.051269
1662135601,18.745,8.726,0.051513
1662136201,18.77,8.7265,0.051147
1662136801,18.8075,8.72,0.051131
1662137401,18.845,8.7165,0.050966
1662138001,18.87,8.712,0.050908
1662138601,18.905,8.706,0.050609
1662139201,18.935,8.6935,0.050676
1662139801,18.9625,8.6905,0.050539
1662140401,18.9925,8.687,0.050378
1662141001,19.0275,8.673,0.050471
1662141601,19.065,8.666,0.050298
1662142201,19.09,8.6695,0.05027
1662142801,19.1125,8.6645,0.050619
1662143401,19.1575,8.6535,0.050777
1662144001,19.2125,8.638,0.050246
1662144601,19.245,8.6345,0.050267
1662145201,19.265,8.636,0.05026
1662145801,19.2825,8.6295,0.049533
1662146401,19.3075,8.625,0.049162
1662147001,19.325,8.6145,0.048909
1662147601,19.335,8.61,0.049479
1662148201,19.355,8.6055,0.049269
1662148801,19.375,8.5945,0.049154
1662149401,19.3925,8.5845,0.049058
1662150001,19.405,8.5835,0.048658
1662150601,19.4075,8.5785,0.0486
1662151201,19.4125,8.58,0.048279
1662151801,19.4175,8.5785,0.047672
1662152401,19.4225,8.5725,0.04776
1662153001,19.43,8.571,0.0471
1662153601,19.435,8.5675,0.047601
1662154201,19.435,8.5625,0.046968
1662154801,19.4375,8.563,0.046855
1662155401,19.44,8.5655,0.046935
1662156001,19.44,8.5645,0.046405
1662156601,19.44,8.5575,0.04663
1662157201,19.44,8.5615,0.046448
1662157801,19.44,8.5575,0.04624
1662158401,19.4375,8.5575,0.046061
1662159001,19.435,8.5585,0.04567
1662159601,19.43,8.5515,0.045685
1662160201,19.43,8.5515,0.045591
1662160801,19.425,8.551,0.045603
1662161401,19.4125,8.5445,0.045554
1662162001,19.4,8.5475,0.045421
1662162601,19.3925,8.5525,0.045298
1662163201,19.38,8.551,0.045332
1662163801,19.37,8.5575,0.045231
1662164401,19.36,8.5575,0.045323
1662165001,19.345,8.5605,0.045167
1662165601,19.335,8.565,0.045446
1662166201,19.325,8.564,0.045411
1662166801,19.3125,8.568,0.045409
1662167401,19.3025,8.574,0.045468
1662168001,19.295,8.573,0.045702
1662168601,19.285,8.578,0.04578
1662169201,19.275,8.58,0.046077
1662169801,19.265,8.5875,0.046135
1662170401,19.2575,8.588,0.046219
1662171001,19.2525,8.5875,0.046607
1662171601,19.2425,8.587,0.046321
1662172201,19.235,8.5885,0.04672
1662172801,19.23,8.5915,0.046977
1662173401,19.22,8.596,0.047028
1662174001,19.2175,8.599,0.047157
1662174601,19.21,8.6015,0.047498
1662175201,19.205,8.606,0.047536
1662175801,19.2,8.601,0.047511
1662176401,19.195,8.6105,0.047703
1662177001,19.1925,8.6095,0.047917
1662177601,19.1825,8.613,0.047865
1662178201,19.1775,8.612,0.04813
1662178801,19.17,8.615,0.048299
1662179401,19.1675,8.616,0.048165
1662180001,19.16,8.62,0.048712
1662180601,19.1575,8.62,0.048641
1662181201,19.15,8.618,0.048872
1662181801,19.1425,8.622,0.048836
1662182401,19.14,8.624,0.049056
1662183001,19.13,8.6235,0.049148
1662183601,19.1275,8.626,0.049424
1662184201,19.12,8.623,0.049445
1662184801,19.12,8.62,0.049437
1662185401,19.1125,8.628,0.049745
1662186001,19.11,8.6275,0.049223
1662186601,19.1025,8.6285,0.049428
1662187201,19.0975,8.631,0.049854
1662187801,19.0925,8.6315,0.049726
1662188401,19.085,8.635,0.050161
1662189001,19.0825,8.6275,0.049994
1662189601,19.075,8.632,0.050144
1662190201,19.0725,8.6325,0.050145
1662190801,19.065,8.635,0.050559
1662191401,19.0625,8.6335,0.050561
1662192001,19.055,8.6355,0.050617
1662192601,19.0525,8.637,0.051158
1662193201,19.045,8.637,0.051119
1662193801,19.0425,8.641,0.051048
1662194401,19.035,8.644,0.051387
1662195001,19.035,8.642,0.051654
1662195601,19.0275,8.6405,0.051469
1662196201,19.0225,8.6445,0.051371
1662196801,19.015,8.645,0.051868
1662197401,19.0125,8.647,0.051702
1662198001,19.0075,8.649,0.051698
1662198601,19.0025,8.647,0.051803
1662199201,19,8.65,0.051706
1662199801,18.995,8.6465,0.051859
1662200401,18.9875,8.652,0.051585
1662201001,18.985,8.653,0.051694
1662201601,18.9775,8.652,0.051714
1662202201,18.975,8.6555,0.051693
1662202801,18.9725,8.657,0.051716
1662203401,18.9675,8.6585,0.051647
1662204001,18.9625,8.661,0.052006
1662204601,18.96,8.6585,0.052163
1662205201,18.955,8.6645,0.05192
1662205801,18.9525,8.663,0.052189
1662206401,18.95,8.6675,0.052067
1662207001,18.945,8.672,0.052213
1662207601,18.945,8.6755,0.052316
1662208201,18.945,8.678,0.052195
1662208801,18.945,8.676,0.052306
1662209401,18.9425,8.6755,0.05228
1662210001,18.945,8.6715,0.052215
1662210601,18.945,8.669,0.052504
1662211201,18.945,8.67,0.052211
1662211801,18.945,8.671,0.05222
1662212401,18.945,8.669,0.052112
1662213001,18.945,8.67,0.052015
1662213601,18.945,8.673,0.052248
1662214201,18.9425,8.678,0.052275
1662214801,18.94,8.6785,0.05159
1662215401,18.9425,8.6815,0.052499
1662216001,18.945,8.681,0.052128
1662216601,18.95,8.676,0.052301
1662217201,18.955,8.68,0.052027
1662217801,18.955,8.679,0.051836
1662218401,18.9575,8.6775,0.051809
1662219001,18.965,8.673,0.051875
1662219601,18.965,8.6735,0.051648
1662220201,18.9725,8.692,0.051616
1662220801,18.98,8.6955,0.051408
1662221401,18.9975,8.682,0.05118
1662222001,19.015,8.687,0.051117
1662222601,19.0275,8.6925,0.050954
1662223201,19.0525,8.6885,0.050915
1662223801,19.075,8.6845,0.050848
1662224401,19.0975,8.675,0.051148
1662225001,19.1125,8.6765,0.051213
1662225601,19.1275,8.668,0.051157
1662226201,19.1375,8.669,0.051209
1662226801,19.1525,8.667,0.051072
1662227401,19.17,8.661,0.0508
1662228001,19.18,8.659,0.050671
1662228601,19.1925,8.6595,0.05017
1662229201,19.21,8.659,0.049922
1662229801,19.235,8.6595,0.049805
1662230401,19.255,8.6455,0.049872
1662231001,19.285,8.6375,0.049864
1662231601,19.31,8.632,0.049752
1662232201,19.335,8.6225,0.049995
1662232801,19.3525,8.6205,0.049474
1662233401,19.3675,8.618,0.049234
1662234001,19.3875,8.6155,0.049532
1662234601,19.41,8.598,0.049331
1662235201,19.435,8.5825,0.049189
1662235801,19.455,8.5735,0.049353
1662236401,19.47,8.5665,0.049402
1662237001,19.4775,8.565,0.048909
1662237601,19.485,8.558,0.04881
1662238201,19.4875,8.561,0.048414
1662238801,19.49,8.566,0.047969
1662239401,19.5,8.562,0.047885
1662240001,19.505,8.555,0.048044
1662240601,19.5125,8.5515,0.047795
1662241201,19.52,8.546,0.047445
1662241801,19.5225,8.55,0.047503
1662242401,19.525,8.5455,0.047468
1662243001,19.525,8.54,0.046881
1662243601,19.525,8.5405,0.046931
1662244201,19.5275,8.532,0.046742
1662244801,19.525,8.535,0.046425
1662245401,19.52,8.5355,0.04644
1662246001,19.5175,8.5345,0.046342
1662246601,19.5125,8.533,0.046362
1662247201,19.5075,8.5325,0.046069
1662247801,19.5025,8.526,0.045688
1662248401,19.4925,8.5285,0.045451
1662249001,19.485,8.528,0.045186
1662249601,19.4775,8.5335,0.04551
1662250201,19.47,8.5325,0.045284
1662250801,19.4575,8.5275,0.044889
1662251401,19.45,8.53,0.044729
1662252001,19.44,8.5285,0.044799
1662252601,19.43,8.538,0.044736
1662253201,19.42,8.539,0.044575
1662253801,19.41,8.537,0.044588
1662254401,19.3975,8.5405,0.0448
1662255001,19.39,8.5495,0.044535
1662255601,19.38,8.5625,0.044731
1662256201,19.37,8.56,0.044394
1662256801,19.3625,8.555,0.044821
1662257401,19.3575,8.5565,0.044797
1662258001,19.3525,8.5595,0.044623
1662258601,19.345,8.5565,0.044714
1662259201,19.34,8.5605,0.045059
1662259801,19.3325,8.565,0.044778
1662260401,19.325,8.5675,0.044811
1662261001,19.3175,8.5715,0.044832
1662261601,19.3125,8.569,0.044999
1662262201,19.305,8.5735,0.044817
1662262801,19.2975,8.5715,0.044863
1662263401,19.2875,8.5735,0.045266
1662264001,19.28,8.578,0.045611
1662264601,19.2725,8.579,0.045424
1662265201,19.2625,8.5805,0.045529
1662265801,19.255,8.5805,0.045658
1662266401,19.2475,8.581,0.046141
1662267001,19.24,8.5825,0.045969
1662267601,19.235,8.5845,0.046316
1662268201,19.225,8.5825,0.046308
1662268801,19.2175,8.5815,0.046424
1662269401,19.2125,8.5895,0.046643
1662270001,19.205,8.587,0.046748
1662270601,19.1975,8.5915,0.046767
1662271201,19.1925,8.589,0.04714
1662271801,19.185,8.59,0.047346
1662272401,19.1775,8.5885,0.047252
1662273001,19.175,8.5885,0.047423
1662273601,19.165,8.5935,0.047323
1662274201,19.155,8.599,0.047671
1662274801,19.15,8.598,0.047716
1662275401,19.1425,8.5975,0.04746
1662276001,19.135,8.5995,0.0478
1662276601,19.1325,8.594,0.047424
1662277201,19.125,8.597,0.047955
1662277801,19.12,8.605,0.047731
1662278401,19.115,8.604,0.047854
1662279001,19.1125,8.6,0.047977
1662279601,19.1075,8.601,0.048012
1662280201,19.105,8.6005,0.048286
1662280801,19.095,8.606,0.048258
1662281401,19.09,8.6,0.048418
1662282001,19.085,8.6065,0.048537
1662282601,19.08,8.605,0.048023
1662283201,19.075,8.6075,0.048387
1662283801,19.07,8.605,0.048246
1662284401,19.065,8.6085,0.048434
1662285001,19.06,8.611,0.048971
1662285601,19.0575,8.613,0.048846
1662286201,19.05,8.6175,0.048746
1662286801,19.0475,8.6225,0.048536
1662287401,19.04,8.62,0.048912
1662288001,19.035,8.6225,0.049074
1662288601,19.03,8.6245,0.048794
1662289201,19.025,8.6245,0.048956
1662289801,19.02,8.6235,0.048742
1662290401,19.0175,8.6255,0.048956
1662291001,19.01,8.625,0.048741
1662291601,19.01,8.6255,0.048847
1662292201,19,8.628,0.048981
1662292801,19,8.633,0.049237
1662293401,19,8.633,0.048589
1662294001,19,8.6335,0.048835
1662294601,19,8.635,0.049021
1662295201,19,8.642,0.048966
1662295801,19,8.6375,0.049076
1662296401,19.01,8.6385,0.049208
1662297001,19.0125,8.6375,0.049211
1662297601,19.015,8.6375,0.049497
1662298201,19.0225,8.6405,0.049437
1662298801,19.025,8.6435,0.04943
1662299401,19.035,8.6425,0.049331
1662300001,19.0425,8.6435,0.049525
1662300601,19.055,8.6455,0.049683
1662301201,19.075,8.643,0.049979
1662301801,19.0975,8.644,0.050184
1662302401,19.115,8.642,0.049738
1662303001,19.135,8.6355,0.049802
1662303601,19.15,8.633,0.050177
1662304201,19.17,8.6275,0.050278
1662304801,19.185,8.628,0.050151
1662305401,19.2025,8.626,0.050083
1662306001,19.215,8.621,0.049765
1662306601,19.2325,8.617,0.049777
1662307201,19.245,8.62,0.04979
1662307801,19.255,8.618,0.049721
1662308401,19.275,8.6145,0.04984
1662309001,19.29,8.618,0.049957
1662309601,19.315,8.617,0.050087
1662310201,19.35,8.6125,0.049993
1662310801,19.3825,8.602,0.050289
1662311401,19.42,8.5925,0.050458
1662312001,19.4725,8.5835,0.050627
1662312601,19.5275,8.578,0.050369
1662313201,19.575,8.5655,0.05047
1662313801,19.6275,8.546,0.050459
1662314401,19.66,8.5355,0.050231
1662315001,19.675,8.5345,0.04983
1662315601,19.68,8.5245,0.049787
1662316201,19.6725,8.528,0.04953
1662316801,19.6675,8.517,0.049086
1662317401,19.66,8.513,0.049022
1662318001,19.66,8.518,0.048861
1662318601,19.655,8.5225,0.04844
1662319201,19.66,8.5165,0.048337
1662319801,19.655,8.516,0.048216
1662320401,19.6525,8.513,0.047919
1662321001,19.6475,8.5185,0.04766
1662321601,19.645,8.5205,0.047642
1662322201,19.64,8.5175,0.04725
1662322801,19.64,8.514,0.047054
1662323401,19.64,8.5155,0.046605
1662324001,19.635,8.511,0.046335
1662324601,19.63,8.5125,0.04623
1662325201,19.6275,8.5105,0.045981
1662325801,19.6225,8.509,0.045975
1662326401,19.61,8.5055,0.045612
1662327001,19.6,8.504,0.045637
1662327601,19.5925,8.5015,0.045144
1662328201,19.585,8.5105,0.045065
1662328801,19.5775,8.5055,0.045195
1662329401,19.5725,8.5065,0.044858
1662330001,19.5625,8.5065,0.045175
1662330601,19.555,8.504,0.044991
1662331201,19.5475,8.504,0.045075
1662331801,19.5425,8.509,0.045165
1662332401,19.535,8.508,0.045094
1662333001,19.53,8.5075,0.044871
1662333601,19.5225,8.507,0.044878
1662334201,19.515,8.506,0.044841
1662334801,19.5075,8.505,0.044834
1662335401,19.5025,8.5005,0.045072
1662336001,19.495,8.509,0.044854
1662336601,19.485,8.5125,0.045211
1662337201,19.475,8.5135,0.045257
1662337801,19.465,8.5135,0.045326
1662338401,19.4575,8.5185,0.045516
1662339001,19.445,8.5235,0.045782
1662339601,19.4375,8.5255,0.045907
1662340201,19.425,8.5265,0.046148
1662340801,19.42,8.531,0.046042
1662341401,19.4075,8.5295,0.046288
1662342001,19.3975,8.5365,0.046618
1662342601,19.3925,8.5355,0.046802
1662343201,19.385,8.5385,0.046975
1662343801,19.3775,8.539,0.047197
1662344401,19.37,8.5385,0.047484
1662345001,19.3625,8.5415,0.047897
1662345601,19.3575,8.54,0.048381
1662346201,19.35,8.542,0.048959
1662346801,19.34,8.539,0.049126
1662347401,19.335,8.542,0.049605
1662348001,19.3275,8.545,0.04941
1662348601,19.32,8.544,0.050202
1662349201,19.3125,8.545,0.050955
1662349801,19.31,8.5475,0.051849
1662350401,19.305,8.547,0.051732
1662351001,19.295,8.5465,0.052291
1662351601,19.29,8.549,0.052182
1662352201,19.285,8.548,0.053425
1662352801,19.2825,8.549,0.054067
1662353401,19.275,8.5485,0.055331
1662354001,19.2675,8.551,0.056059
1662354601,19.265,8.5545,0.056376
1662355201,19.26,8.5555,0.056575
1662355801,19.255,8.557,0.057392
1662356401,19.245,8.555,0.057537
1662357001,19.24,8.5555,0.057414
1662357601,19.235,8.557,0.058263
1662358201,19.2275,8.5555,0.058789
1662358801,19.225,8.5575,0.05952
1662359401,19.2175,8.558,0.060991
1662360001,19.215,8.5615,0.062265
1662360601,19.215,8.566,0.063881
1662361201,19.2075,8.5675,0.065581
1662361801,19.205,8.5675,0.067167
1662362401,19.2025,8.5725,0.067726
1662363001,19.1975,8.576,0.068897
1662363601,19.1875,8.578,0.069783
1662364201,19.1825,8.5795,0.07021
1662364801,19.18,8.5825,0.070229
1662365401,19.17,8.5815,0.071106
1662366001,19.1675,8.5865,0.071766
1662366601,19.1575,8.586,0.072561
1662367201,19.1525,8.5895,0.07255
1662367801,19.145,8.5945,0.07345
1662368401,19.135,8.5975,0.075139
1662369001,19.13,8.5995,0.07708
1662369601,19.1225,8.5995,0.078595
1662370201,19.115,8.604,0.079626
1662370801,19.1075,8.6075,0.079945
1662371401,19.1025,8.6085,0.080233
1662372001,19.095,8.61,0.080351
1662372601,19.085,8.6105,0.079977
1662373201,19.0775,8.6155,0.080012
1662373801,19.07,8.615,0.079235
1662374401,19.0625,8.6185,0.078959
1662375001,19.0575,8.6205,0.078911
1662375601,19.05,8.6215,0.078325
1662376201,19.04,8.6275,0.078165
1662376801,19.035,8.628,0.077131
1662377401,19.03,8.631,0.076032
1662378001,19.02,8.6325,0.075206
1662378601,19.0175,8.6325,0.073929
1662379201,19.0125,8.6305,0.072647
1662379801,19.0075,8.634,0.072261
1662380401,19.005,8.6355,0.071347
1662381001,19,8.6405,0.070375
1662381601,19,8.6405,0.069671
1662382201,19.0025,8.641,0.069121
1662382801,19.005,8.642,0.068608
1662383401,19.0075,8.641,0.067867
1662384001,19.005,8.6375,0.066614
1662384601,19.01,8.639,0.066336
1662385201,19.01,8.6405,0.06565
1662385801,19.0125,8.6415,0.064871
1662386401,19.0175,8.645,0.064611
1662387001,19.025,8.646,0.064056
1662387601,19.035,8.641,0.063267
1662388201,19.045,8.6405,0.063117
1662388801,19.045,8.6425,0.062619
1662389401,19.0525,8.647,0.062418
1662390001,19.0625,8.6495,0.061853
1662390601,19.08,8.641,0.061647
1662391201,19.0925,8.63,0.061391
1662391801,19.1025,8.6265,0.061399
1662392401,19.11,8.635,0.060691
1662393001,19.125,8.635,0.060592
1662393601,19.1425,8.626,0.060651
1662394201,19.1575,8.618,0.060401
1662394801,19.165,8.6165,0.060232
1662395401,19.175,8.615,0.059985
1662396001,19.185,8.608,0.059848
1662396601,19.1875,8.609,0.060467
1662397201,19.1925,8.613,0.060475
1662397801,19.2,8.6135,0.060068
1662398401,19.21,8.6045,0.060578
1662399001,19.215,8.6005,0.061822
1662399601,19.22,8.5955,0.062748
1662400201,19.2275,8.597,0.065643
1662400801,19.2325,8.5905,0.068517
1662401401,19.24,8.5905,0.077524
1662402001,19.255,8.582,0.096647
1662402601,19.2875,8.5805,0.114924
1662403201,19.3025,8.586,0.156789
1662403801,19.3425,8.601,0.182831
1662404401,19.3675,8.6265,0.207815
1662405001,19.37,8.654,0.237226
1662405601,19.37,8.6605,0.25735
1662406201,19.3675,8.667,0.266059
1662406801,19.355,8.677,0.280888
1662407401,19.3475,8.688,0.300096
1662408001,19.3325,8.699,0.321531
1662408601,19.3075,8.708,0.329946
1662409201,19.285,8.7155,0.335383
1662409801,19.27,8.7195,0.339501
1662410401,19.2525,8.7225,0.338884
1662411001,19.24,8.7235,0.341645
1662411601,19.235,8.7165,0.332372
1662412201,19.2275,8.714,0.322927
1662412801,19.2175,8.712,0.31348
1662413401,19.2125,8.71,0.304282
1662414001,19.205,8.7045,0.292816
1662414601,19.1975,8.701,0.280993
1662415201,19.1925,8.697,0.269642
1662415801,19.1875,8.6935,0.259388
1662416401,19.1775,8.689,0.249654
1662417001,19.17,8.6885,0.241729
1662417601,19.1625,8.681,0.231862
1662418201,19.16,8.6775,0.221316
1662418801,19.15,8.673,0.213939
1662419401,19.1475,8.709,0.213714
1662420001,19.155,8.7355,0.331451
1662420601,19.1625,8.741,0.350004
1662421201,19.165,8.7435,0.352204
1662421801,19.1575,8.7435,0.351785
1662422401,19.1525,8.7455,0.35065
1662423001,19.1425,8.7455,0.348087
1662423601,19.1325,8.744,0.343939
1662424201,19.1175,8.749,0.341214
1662424801,19.1075,8.752,0.337283
1662425401,19.0925,8.758,0.335583
1662426001,19.075,8.7585,0.332121
1662426601,19.0575,8.7575,0.32965
1662427201,19.0475,8.7595,0.326087
1662427801,19.03,8.759,0.320983
1662428401,19.0125,8.762,0.315652
1662429001,19,8.7625,0.315572
1662429601,18.9825,8.7625,0.311597
1662430201,18.9675,8.7655,0.306933
1662430801,18.955,8.7685,0.305451
1662431401,18.9375,8.768,0.301216
1662432001,18.925,8.7695,0.298408
1662432601,18.9075,8.772,0.29549
1662433201,18.895,8.772,0.291183
1662433801,18.8825,8.7735,0.289116
1662434401,18.8675,8.774,0.284771
1662435001,18.8575,8.779,0.283189
1662435601,18.845,8.7775,0.280657
1662436201,18.835,8.776,0.277
1662436801,18.8225,8.7785,0.274417
1662437401,18.8125,8.7805,0.271348
1662438001,18.8025,8.779,0.269417
1662438601,18.7925,8.7805,0.267111
1662439201,18.7825,8.782,0.26547
1662439801,18.7725,8.7815,0.261856
1662440401,18.7625,8.7835,0.259187
1662441001,18.7525,8.7825,0.258423
1662441601,18.7475,8.786,0.255214
1662442201,18.7375,8.785,0.254922
1662442801,18.73,8.783,0.249616
1662443401,18.7225,8.7845,0.248093
1662444001,18.715,8.785,0.246555
1662444601,18.7075,8.7865,0.244369
1662445201,18.6975,8.785,0.242135
1662445801,18.6925,8.7855,0.24022
1662446401,18.685,8.786,0.238802
1662447001,18.675,8.7885,0.235635
1662447601,18.67,8.789,0.233586
1662448201,18.665,8.788,0.230938
1662448801,18.655,8.7865,0.230452
1662449401,18.6525,8.787,0.227786
1662450001,18.645,8.787,0.226204
1662450601,18.6425,8.787,0.223773
1662451201,18.6375,8.787,0.223408
1662451801,18.6325,8.7855,0.221364
1662452401,18.63,8.785,0.218289
1662453001,18.625,8.7865,0.218316
1662453601,18.6225,8.785,0.216114
1662454201,18.62,8.784,0.214633
1662454801,18.61,8.786,0.212677
1662455401,18.605,8.7855,0.211154
1662456001,18.6,8.7875,0.209537
1662456601,18.595,8.787,0.207385
1662457201,18.59,8.7855,0.206632
1662457801,18.5875,8.788,0.205112
1662458401,18.585,8.788,0.203521
1662459001,18.5825,8.789,0.202783
1662459601,18.58,8.79,0.198399
1662460201,18.5775,8.7905,0.196774
1662460801,18.57,8.7895,0.197173
1662461401,18.57,8.7905,0.196704
1662462001,18.57,8.7885,0.193876
1662462601,18.5675,8.7865,0.193917
1662463201,18.5625,8.7875,0.191326
1662463801,18.56,8.788,0.190031
1662464401,18.56,8.7885,0.188758
1662465001,18.555,8.787,0.188258
1662465601,18.555,8.7865,0.187076
1662466201,18.555,8.7915,0.185433
1662466801,18.555,8.7935,0.184718
1662467401,18.555,8.7885,0.183932
1662468001,18.56,8.7895,0.182219
1662468601,18.565,8.7895,0.182572
1662469201,18.5675,8.79,0.182215
1662469801,18.575,8.785,0.180272
1662470401,18.58,8.783,0.180097
1662471001,18.59,8.7855,0.179447
1662471601,18.5925,8.7805,0.177983
1662472201,18.6,8.785,0.178288
1662472801,18.6075,8.784,0.176737
1662473401,18.6225,8.779,0.175748
1662474001,18.6325,8.78,0.174014
1662474601,18.6425,8.772,0.173767
1662475201,18.6525,8.768,0.173433
1662475801,18.66,8.7675,0.17174
1662476401,18.665,8.763,0.172447
1662477001,18.685,8.7665,0.171315
1662477601,18.7075,8.76,0.170316
1662478201,18.73,8.7535,0.168947
1662478801,18.7525,8.752,0.169827
1662479401,18.7825,8.7445,0.168775
1662480001,18.8025,8.7455,0.167099
1662480601,18.845,8.7365,0.167619
1662481201,18.8925,8.7255,0.166826
1662481801,18.915,8.719,0.166264
1662482401,18.94,8.7195,0.166419
1662483001,18.9825,8.714,0.164298
1662483601,19.015,8.7065,0.165285
1662484201,19.0475,8.696,0.165307
1662484801,19.0725,8.695,0.163824
1662485401,19.09,8.6925,0.162864
1662486001,19.1125,8.685,0.162932
1662486601,19.1475,8.675,0.162131
1662487201,19.18,8.6735,0.161964
1662487801,19.185,8.6765,0.160319
1662488401,19.1825,8.6755,0.159794
1662489001,19.19,8.673,0.159112
1662489601,19.205,8.6705,0.157649
1662490201,19.215,8.6695,0.157145
1662490801,19.2225,8.6665,0.15625
1662491401,19.2425,8.66,0.156391
1662492001,19.275,8.6505,0.155223
1662492601,19.3025,8.6445,0.154612
1662493201,19.32,8.637,0.154564
1662493801,19.3325,8.632,0.153159
1662494401,19.3425,8.6295,0.153139
1662495001,19.355,8.631,0.151874
1662495601,19.37,8.6275,0.152249
1662496201,19.38,8.625,0.151565
1662496801,19.3875,8.6245,0.149853
1662497401,19.395,8.618,0.149685
1662498001,19.4,8.616,0.148832
1662498601,19.4025,8.6085,0.148435
1662499201,19.41,8.608,0.147845
1662499801,19.405,8.606,0.147251
1662500401,19.405,8.609,0.146589
1662501001,19.405,8.6045,0.146085
1662501601,19.3975,8.6035,0.145627
1662502201,19.395,8.6025,0.144902
1662502801,19.39,8.604,0.144288
1662503401,19.385,8.6075,0.143231
1662504001,19.3825,8.6065,0.142848
1662504601,19.3825,8.607,0.142575
1662505201,19.3775,8.608,0.142273
1662505801,19.3725,8.608,0.141075
1662506401,19.365,8.607,0.140656
1662507001,19.355,8.61,0.140621
1662507601,19.3475,8.6115,0.139402
1662508201,19.3375,8.6115,0.139549
1662508801,19.3275,8.614,0.138757
1662509401,19.3175,8.617,0.138222
1662510001,19.305,8.618,0.137063
1662510601,19.2925,8.618,0.136822
1662511201,19.2825,8.6245,0.135704
1662511801,19.27,8.6235,0.135718
1662512401,19.26,8.6275,0.135182
1662513001,19.2475,8.6295,0.135436
1662513601,19.24,8.6285,0.134619
1662514201,19.23,8.635,0.134019
1662514801,19.22,8.6335,0.133653
1662515401,19.215,8.636,0.133611
1662516001,19.205,8.6365,0.132867
1662516601,19.2,8.6365,0.133037
1662517201,19.1925,8.6355,0.131864
1662517801,19.19,8.637,0.132363
1662518401,19.18,8.6385,0.132039
1662519001,19.175,8.641,0.131685
1662519601,19.1675,8.639,0.130761
1662520201,19.16,8.6405,0.130603
1662520801,19.155,8.6435,0.129878
1662521401,19.1475,8.6445,0.129662
1662522001,19.14,8.644,0.129868
1662522601,19.1375,8.6455,0.128825
1662523201,19.13,8.6425,0.128865
1662523801,19.1275,8.643,0.129072
1662524401,19.1225,8.6445,0.128527
1662525001,19.1175,8.648,0.128882
1662525601,19.11,8.649,0.127863
1662526201,19.1075,8.647,0.128181
1662526801,19.1,8.646,0.127924
1662527401,19.1,8.6455,0.12724
1662528001,19.09,8.6485,0.1274
1662528601,19.0875,8.645,0.126513
1662529201,19.0825,8.6455,0.126184
1662529801,19.0775,8.6525,0.131008
1662530401,19.0775,8.6465,0.133744
1662531001,19.08,8.649,0.131908
1662531601,19.0725,8.6525,0.135862
1662532201,19.08,8.6525,0.136077
1662532801,19.07,8.6545,0.134745
1662533401,19.06,8.655,0.134159
1662534001,19.05,8.656,0.133615
1662534601,19.04,8.6575,0.131382
1662535201,19.03,8.657,0.131085
1662535801,19.0225,8.6585,0.129566
1662536401,19.0125,8.658,0.12853
1662537001,19.0025,8.6595,0.127485
1662537601,18.995,8.661,0.12746
1662538201,18.9875,8.6615,0.127136
1662538801,18.9825,8.6665,0.12635
1662539401,18.975,8.664,0.126885
1662540001,18.965,8.664,0.127066
1662540601,18.96,8.6665,0.125633
1662541201,18.95,8.669,0.125938
1662541801,18.94,8.67,0.125101
1662542401,18.93,8.6715,0.125363
1662543001,18.9175,8.6725,0.125683
1662543601,18.91,8.6745,0.125744
1662544201,18.895,8.674,0.125926
1662544801,18.885,8.679,0.12698
1662545401,18.87,8.682,0.126932
1662546001,18.8625,8.6855,0.127057
1662546601,18.8525,8.685,0.126382
1662547201,18.8425,8.688,0.12722
1662547801,18.83,8.6905,0.127561
1662548401,18.82,8.693,0.127452
1662549001,18.805,8.696,0.127596
1662549601,18.795,8.702,0.127447
1662550201,18.785,8.739,0.127471
1662550801,18.7675,8.7685,0.215066
1662551401,18.7525,8.79,0.265602
1662552001,18.735,8.7965,0.272276
1662552601,18.715,8.8065,0.274783
1662553201,18.6925,8.8135,0.274694
1662553801,18.67,8.819,0.274521
1662554401,18.655,8.82,0.274304
1662555001,18.6425,8.822,0.27384
1662555601,18.625,8.8285,0.271343
1662556201,18.615,8.829,0.271296
1662556801,18.61,8.83,0.271366
1662557401,18.6,8.832,0.268829
1662558001,18.5925,8.832,0.26832
1662558601,18.5875,8.8395,0.266934
1662559201,18.585,8.8365,0.264781
1662559801,18.5875,8.835,0.263504
1662560401,18.5925,8.8325,0.262653
1662561001,18.6,8.831,0.260657
1662561601,18.6075,8.832,0.259146
1662562201,18.615,8.8245,0.258018
1662562801,18.625,8.824,0.257143
1662563401,18.63,8.822,0.253653
1662564001,18.64,8.82,0.253068
1662564601,18.655,8.8165,0.250175
1662565201,18.6775,8.809,0.251822
1662565801,18.695,8.8055,0.248065
1662566401,18.7025,8.801,0.246649
1662567001,18.7275,8.795,0.245256
1662567601,18.755,8.789,0.242936
1662568201,18.775,8.7825,0.241336
1662568801,18.785,8.7735,0.239369
1662569401,18.7825,8.7825,0.238887
1662570001,18.78,8.7865,0.236942
1662570601,18.7825,8.7765,0.236755
1662571201,18.7875,8.774,0.238804
1662571801,18.7875,8.777,0.244083
1662572401,18.7825,8.7795,0.244475
1662573001,18.78,8.785,0.241152
1662573601,18.8,8.7725,0.239115
1662574201,18.845,8.7635,0.238394
1662574801,18.87,8.7555,0.234726
1662575401,18.87,8.753,0.231841
1662576001,18.8575,8.752,0.230694
1662576601,18.85,8.755,0.228641
1662577201,18.8475,8.76,0.226073
1662577801,18.8425,8.7555,0.225235
1662578401,18.8575,8.7485,0.221994
1662579001,18.875,8.747,0.222397
1662579601,18.8875,8.7415,0.221637
1662580201,18.905,8.7305,0.218964
1662580801,18.915,8.7285,0.21702
1662581401,18.92,8.7305,0.217197
1662582001,18.915,8.7275,0.214844
1662582601,18.915,8.723,0.212891
1662583201,18.92,8.721,0.212053
1662583801,18.915,8.7225,0.210377
1662584401,18.915,8.7195,0.210436
1662585001,18.9075,8.7175,0.21033
1662585601,18.9,8.7175,0.209061
1662586201,18.8925,8.72,0.208624
1662586801,18.885,8.7245,0.208666
1662587401,18.885,8.7205,0.209641
1662588001,18.885,8.718,0.208738
1662588601,18.885,8.717,0.209592
1662589201,18.875,8.7165,0.208237
1662589801,18.8725,8.7165,0.210978
1662590401,18.8675,8.7355,0.237399
1662591001,18.8675,8.7475,0.257234
1662591601,18.86,8.7545,0.272328
1662592201,18.8425,8.7635,0.290619
1662592801,18.8325,8.7725,0.310291
1662593401,18.8175,8.7795,0.317185
1662594001,18.8025,8.7815,0.319397
1662594601,18.79,8.7865,0.31908
1662595201,18.7725,8.8065,0.325378
1662595801,18.7575,8.8205,0.360357
1662596401,18.75,8.8265,0.38049
1662597001,18.735,8.83,0.377077
1662597601,18.72,8.8295,0.371515
1662598201,18.705,8.831,0.363827
1662598801,18.69,8.831,0.356092
1662599401,18.675,8.83,0.349985
1662600001,18.66,8.8305,0.344502
1662600601,18.645,8.833,0.339372
1662601201,18.6325,8.8525,0.347677
1662601801,18.6025,8.897,0.683677
1662602401,18.5525,8.922,0.723116
1662603001,18.4925,8.931,0.716658
1662603601,18.43,8.9425,0.702711
1662604201,18.375,8.9495,0.696343
1662604801,18.3225,8.9585,0.685791
1662605401,18.2775,8.9635,0.673258
1662606001,18.235,8.967,0.666508
1662606601,18.2,8.971,0.657198
1662607201,18.1775,8.9745,0.63638
1662607801,18.15,8.9755,0.625744
1662608401,18.1225,8.9775,0.614383
1662609001,18.095,8.979,0.603104
1662609601,18.075,8.9815,0.592397
1662610201,18.055,8.983,0.581635
1662610801,18.04,8.9855,0.568132
1662611401,18.02,8.9885,0.55995
1662612001,18.0025,8.9915,0.554409
1662612601,17.985,8.993,0.543866
1662613201,17.975,8.994,0.535603
1662613801,17.955,8.994,0.527939
1662614401,17.94,8.996,0.51513
1662615001,17.925,9,0.508349
1662615601,17.905,9.001,0.500258
1662616201,17.885,9.0045,0.489856
1662616801,17.87,9.0035,0.482158
1662617401,17.855,9.0065,0.473336
1662618001,17.835,9.0065,0.470612
1662618601,17.8175,9.012,0.464145
1662619201,17.8025,9.012,0.456751
1662619801,17.79,9.017,0.454139
1662620401,17.77,9.016,0.445712
1662621001,17.755,9.02,0.442286
1662621601,17.735,9.0195,0.438115
1662622201,17.7175,9.0265,0.432178
1662622801,17.705,9.025,0.42914
1662623401,17.685,9.03,0.422775
1662624001,17.67,9.032,0.418795
1662624601,17.655,9.034,0.412729
1662625201,17.64,9.039,0.410364
1662625801,17.6275,9.0395,0.405232
1662626401,17.615,9.044,0.398694
1662627001,17.5975,9.0445,0.395742
1662627601,17.585,9.0465,0.389982
1662628201,17.5675,9.049,0.385699
1662628801,17.5525,9.052,0.381071
1662629401,17.535,9.0555,0.377734
1662630001,17.5175,9.0595,0.373764
1662630601,17.5,9.06,0.370018
1662631201,17.485,9.06,0.367723
1662631801,17.47,9.0605,0.365312
1662632401,17.4575,9.0605,0.359891
1662633001,17.445,9.0625,0.358047
1662633601,17.4325,9.064,0.351787
1662634201,17.4175,9.0675,0.351815
1662634801,17.41,9.0685,0.346768
1662635401,17.3975,9.069,0.344415
1662636001,17.385,9.072,0.339698
1662636601,17.3725,9.0755,0.338118
1662637201,17.36,9.075,0.335325
1662637801,17.35,9.0735,0.332885
1662638401,17.3425,9.0795,0.329317
1662639001,17.33,9.079,0.328329
1662639601,17.3175,9.083,0.32524
1662640201,17.3075,9.0815,0.322917
1662640801,17.3,9.08,0.321139
1662641401,17.295,9.084,0.317203
1662642001,17.29,9.0835,0.317009
1662642601,17.29,9.082,0.312759
1662643201,17.2925,9.0805,0.31193
1662643801,17.2975,9.0705,0.309982
1662644401,17.305,9.0715,0.3084
1662645001,17.31,9.07010506578972,0.306246
1662645601,17.3125,9.07010506578972,0.303806
1662646201,17.325,9.07020006578972,0.303677
1662646801,17.335,9.06181049003214,0.299442
1662647401,17.3525,9.06149549003214,0.299205
1662648001,17.37,9.04767122740587,0.294261
1662648601,17.3925,9.01932403601393,0.2914
1662649201,17.405,9.0274377026806,0.292052
1662649801,17.42,9.01380823045838,0.290574
1662650401,17.45,9.00060962254012,0.289683
1662651001,17.4675,8.98917017809567,0.289858
1662651601,17.4975,8.9733536066671,0.286255
1662652201,17.5225,8.96805857825801,0.285326
1662652801,17.57,8.96287357825801,0.284868
1662653401,17.61,8.96047357825801,0.28234
1662654001,17.6575,8.95629711992468,0.278921
1662654601,17.6975,8.95258297981478,0.278811
1662655201,17.7375,8.94589925687106,0.277287
1662655801,17.7725,8.93707680449011,0.272853
1662656401,17.8,8.93728567353773,0.272419
1662657001,17.83,8.92922442353773,0.27324
1662657601,17.875,8.932,0.271977
1662658201,17.9175,8.9245,0.2713
1662658801,17.9475,8.9125,0.269831
1662659401,17.99,8.9025,0.269127
1662660001,18.03,8.893,0.267637
1662660601,18.0675,8.8885,0.267564
1662661201,18.095,8.8775,0.2639
1662661801,18.13,8.8735,0.263295
1662662401,18.1525,8.8665,0.261092
1662663001,18.1775,8.86,0.26015
1662663601,18.2,8.8565,0.26019
1662664201,18.2075,8.855,0.258152
1662664801,18.2075,8.853,0.257081
1662665401,18.1975,8.8555,0.255479
1662666001,18.1875,8.8555,0.253023
1662666601,18.1825,8.8525,0.253306
1662667201,18.175,8.852,0.249872
1662667801,18.1675,8.8495,0.248874
1662668401,18.16,8.845,0.248292
1662669001,18.155,8.845,0.246356
1662669601,18.1525,8.8445,0.244884
1662670201,18.1525,8.8415,0.244846
1662670801,18.1675,8.834,0.243138
1662671401,18.175,8.8295,0.241773
1662672001,18.18,8.8265,0.24071
1662672601,18.18,8.826,0.238346
1662673201,18.1725,8.8265,0.238337
1662673801,18.17,8.828,0.235282
1662674401,18.17,8.829,0.23628
1662675001,18.18,8.8245,0.234267
1662675601,18.18,8.82,0.231423
1662676201,18.18,8.8215,0.231166
1662676801,18.1775,8.8215,0.229321
1662677401,18.17,8.822,0.228734
1662678001,18.165,8.822,0.225922
1662678601,18.1625,8.821,0.226254
1662679201,18.16,8.8195,0.225168
1662679801,18.1525,8.8205,0.222716
1662680401,18.15,8.8215,0.221237
1662681001,18.14,8.8235,0.219145
1662681601,18.1325,8.825,0.218455
1662682201,18.1225,8.8255,0.218462
1662682801,18.1125,8.826,0.217466
1662683401,18.105,8.83,0.215467
1662684001,18.095,8.8325,0.214188
1662684601,18.09,8.8315,0.214861
1662685201,18.08,8.835,0.212596
1662685801,18.0725,8.837,0.210894
1662686401,18.0625,8.8405,0.211168
1662687001,18.055,8.8425,0.208792
1662687601,18.0425,8.8465,0.208522
1662688201,18.035,8.847,0.207835
1662688801,18.0275,8.848,0.20694
1662689401,18.02,8.8485,0.204997
1662690001,18.015,8.85,0.205537
1662690601,18.005,8.85,0.203765
1662691201,18.0025,8.8495,0.203525
1662691801,17.995,8.8505,0.202063
1662692401,17.99,8.8515,0.20128
1662693001,17.985,8.8515,0.200627
1662693601,17.9775,8.854,0.199871
1662694201,17.9725,8.8545,0.199746
1662694801,17.965,8.8545,0.197273
1662695401,17.9625,8.855,0.197012
1662696001,17.9525,8.8565,0.19642
1662696601,17.945,8.858,0.196072
1662697201,17.935,8.8595,0.194198
1662697801,17.925,8.8655,0.193649
1662698401,17.915,8.862,0.19326
1662699001,17.905,8.8665,0.192941
1662699601,17.8925,8.869,0.191996
1662700201,17.8825,8.873,0.190954
1662700801,17.87,8.873,0.189724
1662701401,17.8575,8.8745,0.189428
1662702001,17.8475,8.878,0.188566
1662702601,17.8375,8.8805,0.188311
1662703201,17.8225,8.879,0.186618
1662703801,17.8125,8.88,0.186184
1662704401,17.8,8.8825,0.186558
1662705001,17.79,8.8845,0.185953
1662705601,17.78,8.885,0.184552
1662706201,17.77,8.8835,0.18349
1662706801,17.7625,8.886,0.183493
1662707401,17.7525,8.888,0.182445
1662708001,17.7425,8.887,0.182475
1662708601,17.7325,8.889,0.181592
1662709201,17.7225,8.893,0.181973
1662709801,17.71,8.895,0.180306
1662710401,17.6975,8.895,0.179505
1662711001,17.685,8.898,0.17813
1662711601,17.675,8.8995,0.17873
1662712201,17.6625,8.8995,0.177414
1662712801,17.65,8.9035,0.175649
1662713401,17.6375,8.9005,0.175632
1662714001,17.625,8.9075,0.175051
1662714601,17.615,8.91,0.175079
1662715201,17.605,8.9105,0.173268
1662715801,17.5975,8.911,0.17394
1662716401,17.5875,8.9105,0.173427
1662717001,17.58,8.9095,0.172828
1662717601,17.57,8.9145,0.170106
1662718201,17.56,8.9135,0.171158
1662718801,17.555,8.916,0.171864
1662719401,17.55,8.917,0.170177
1662720001,17.54,8.918,0.170256
1662720601,17.535,8.9165,0.169928
1662721201,17.525,8.9205,0.16848
1662721801,17.5175,8.9225,0.168317
1662722401,17.5075,8.927,0.166452
1662723001,17.4975,8.93,0.167859
1662723601,17.49,8.933,0.166091
1662724201,17.4825,8.933,0.166063
1662724801,17.475,8.933,0.1649
1662725401,17.475,8.935,0.164633
1662726001,17.4675,8.9385,0.165181
1662726601,17.46,8.9395,0.163148
1662727201,17.455,8.9375,0.163002
1662727801,17.4525,8.94,0.162965
1662728401,17.455,8.94,0.163203
1662729001,17.4625,8.9365,0.161598
1662729601,17.4675,8.9355,0.161456
1662730201,17.48,8.936,0.161856
1662730801,17.4875,8.933,0.161327
1662731401,17.5025,8.926,0.159951
1662732001,17.5175,8.924,0.160597
1662732601,17.535,8.9185,0.159828
1662733201,17.545,8.9175,0.160452
1662733801,17.56,8.921,0.159088
1662734401,17.575,8.916,0.1592
1662735001,17.6,8.9135,0.159357
1662735601,17.6225,8.912,0.157446
1662736201,17.645,8.9115,0.157932
1662736801,17.6675,8.9055,0.158258
1662737401,17.7,8.901,0.157724
1662738001,17.7375,8.888,0.157576
1662738601,17.785,8.8755,0.157234
1662739201,17.8275,8.868,0.15755
1662739801,17.8775,8.8545,0.158333
1662740401,17.9075,8.85,0.1572
1662741001,17.9275,8.848,0.156407
1662741601,17.9575,8.8355,0.156739
1662742201,17.99,8.834,0.155488
1662742801,18.02,8.83,0.155951
1662743401,18.045,8.826,0.154489
1662744001,18.08,8.8285,0.15451
1662744601,18.1125,8.8185,0.153831
1662745201,18.14,8.812,0.153218
1662745801,18.1525,8.814,0.152869
1662746401,18.16,8.818,0.152893
1662747001,18.1775,8.814,0.152598
1662747601,18.2,8.8105,0.152018
1662748201,18.215,8.815,0.150999
1662748801,18.235,8.806,0.150799
1662749401,18.255,8.801,0.15084
1662750001,18.2775,8.796,0.149847
1662750601,18.3025,8.792,0.150134
1662751201,18.3275,8.7865,0.14907
1662751801,18.33,8.786,0.149236
1662752401,18.335,8.779,0.149038
1662753001,18.3425,8.78,0.147355
1662753601,18.35,8.7775,0.148064
1662754201,18.355,8.7745,0.147056
1662754801,18.365,8.7725,0.146486
1662755401,18.37,8.771,0.146114
1662756001,18.3775,8.769,0.145475
1662756601,18.385,8.7655,0.145509
1662757201,18.39,8.7625,0.145441
1662757801,18.395,8.7565,0.143803
1662758401,18.395,8.7535,0.143661
1662759001,18.395,8.755,0.142946
1662759601,18.395,8.7525,0.143163
1662760201,18.3925,8.7535,0.143296
1662760801,18.39,8.7535,0.142221
1662761401,18.3875,8.7525,0.142331
1662762001,18.385,8.752,0.140731
1662762601,18.3825,8.7545,0.140559
1662763201,18.375,8.755,0.140369
1662763801,18.3725,8.7565,0.139989
1662764401,18.37,8.755,0.138776
1662765001,18.37,8.754,0.13844
1662765601,18.3675,8.753,0.139195
1662766201,18.3625,8.755,0.138108
1662766801,18.36,8.7545,0.138107
1662767401,18.36,8.755,0.137376
1662768001,18.35,8.756,0.13654
1662768601,18.345,8.761,0.137203
1662769201,18.34,8.759,0.136244
1662769801,18.33,8.7625,0.13636
1662770401,18.3225,8.7645,0.135872
1662771001,18.32,8.767,0.13586
1662771601,18.31,8.7655,0.135097
1662772201,18.3075,8.7735,0.134403
1662772801,18.3,8.7745,0.135008
1662773401,18.2975,8.776,0.134392
1662774001,18.29,8.778,0.134377
1662774601,18.28,8.7815,0.133939
1662775201,18.2725,8.7835,0.132879
1662775801,18.265,8.7875,0.132916
1662776401,18.2575,8.787,0.132899
1662777001,18.2475,8.7885,0.132573
1662777601,18.24,8.7925,0.132853
1662778201,18.23,8.796,0.131363
1662778801,18.225,8.7975,0.132211
1662779401,18.2175,8.801,0.131442
1662780001,18.2075,8.802,0.131463
1662780601,18.195,8.8065,0.131352
1662781201,18.18,8.808,0.130872
1662781801,18.17,8.809,0.130483
1662782401,18.16,8.8125,0.130326
1662783001,18.15,8.814,0.130025
1662783601,18.135,8.819,0.129374
1662784201,18.125,8.821,0.129079
1662784801,18.1125,8.8205,0.128868
1662785401,18.1025,8.8225,0.129138
1662786001,18.09,8.831,0.128685
1662786601,18.0775,8.83,0.127957
1662787201,18.0675,8.832,0.128671
1662787801,18.055,8.8355,0.127775
1662788401,18.04,8.838,0.127563
1662789001,18.03,8.842,0.127819
1662789601,18.02,8.8415,0.127965
1662790201,18.01,8.8415,0.127663
1662790801,18,8.8455,0.127539
1662791401,17.9875,8.8485,0.12749
1662792001,17.975,8.85,0.127341
1662792601,17.965,8.85,0.126809
1662793201,17.955,8.854,0.126673
1662793801,17.945,8.8565,0.126642
1662794401,17.935,8.8575,0.127146
1662795001,17.9275,8.8605,0.12737
1662795601,17.9175,8.8605,0.127682
1662796201,17.9075,8.863,0.128263
1662796801,17.8975,8.863,0.128606
1662797401,17.89,8.867,0.130082
1662798001,17.8825,8.8675,0.130769
1662798601,17.875,8.871,0.131127
1662799201,17.865,8.8735,0.131982
1662799801,17.855,8.877,0.132697
1662800401,17.85,8.879,0.132645
1662801001,17.84,8.879,0.132295
1662801601,17.8325,8.8845,0.133162
1662802201,17.825,8.886,0.13285
1662802801,17.82,8.8895,0.132614
1662803401,17.81,8.8915,0.133013
1662804001,17.8,8.8925,0.133945
1662804601,17.7925,8.897,0.134646
1662805201,17.7875,8.9005,0.135476
1662805801,17.7775,8.901,0.135638
1662806401,17.7725,8.905,0.13682
1662807001,17.765,8.9045,0.137494
1662807601,17.7575,8.9065,0.138908
1662808201,17.75,8.9085,0.138793
1662808801,17.7425,8.9085,0.139777
1662809401,17.74,8.9135,0.13875
1662810001,17.73,8.9165,0.140047
1662810601,17.73,8.919,0.140407
1662811201,17.72,8.9185,0.139919
1662811801,17.72,8.9205,0.140947
1662812401,17.715,8.9205,0.14137
1662813001,17.71,8.9225,0.142421
1662813601,17.71,8.926,0.142774
1662814201,17.7025,8.927,0.142971
1662814801,17.7,8.926,0.144385
1662815401,17.7,8.9285,0.145249
1662816001,17.7,8.9265,0.146798
1662816601,17.695,8.9235,0.147389
1662817201,17.695,8.9155,0.149683
1662817801,17.695,8.919,0.151908
1662818401,17.7,8.923,0.153777
1662819001,17.7,8.9235,0.154689
1662819601,17.7,8.9235,0.15445
1662820201,17.71,8.926,0.155639
1662820801,17.715,8.9285,0.157109
1662821401,17.7225,8.927,0.156359
1662822001,17.7275,8.9235,0.157849
1662822601,17.735,8.929,0.158382
1662823201,17.74,8.9295,0.158616
1662823801,17.7425,8.9335,0.1599
1662824401,17.755,8.929,0.161806
1662825001,17.76,8.928,0.162314
1662825601,17.7675,8.925,0.162932
1662826201,17.77,8.9205,0.164501
1662826801,17.77,8.922,0.164759
1662827401,17.7725,8.922,0.165006
1662828001,17.775,8.925,0.164261
1662828601,17.7775,8.922,0.164823
1662829201,17.785,8.918,0.165155
1662829801,17.79,8.9145,0.165095
1662830401,17.7975,8.915,0.164221
1662831001,17.8,8.9235,0.164692
1662831601,17.8125,8.923,0.165603
1662832201,17.83,8.913,0.166034
1662832801,17.845,8.907,0.165049
1662833401,17.855,8.909,0.165013
1662834001,17.8575,8.9055,0.164806
1662834601,17.8625,8.9025,0.165316
1662835201,17.8675,8.903,0.164519
1662835801,17.8775,8.908,0.165603
1662836401,17.8925,8.9025,0.166292
1662837001,17.9075,8.8985,0.165735
1662837601,17.925,8.8915,0.166253
1662838201,17.9425,8.884,0.167324
1662838801,17.95,8.88,0.167751
1662839401,17.9525,8.8825,0.168513
1662840001,17.955,8.8805,0.167429
1662840601,17.9625,8.8815,0.167746
1662841201,17.9725,8.8815,0.168066
1662841801,17.99,8.8745,0.168888
1662842401,18.005,8.8625,0.169556
1662843001,18.01,8.8625,0.168305
1662843601,18.0075,8.861,0.167237
1662844201,18.01,8.8575,0.167167
1662844801,18.01,8.86,0.167879
1662845401,18.01,8.858,0.167176
1662846001,18.01,8.858,0.167099
1662846601,18.01,8.856,0.166688
1662847201,18.015,8.851,0.165982
1662847801,18.015,8.8495,0.1659
1662848401,18.01,8.8465,0.164453
1662849001,18.005,8.848,0.164889
1662849601,18.005,8.8505,0.165044
1662850201,18,8.8495,0.163426
1662850801,18,8.8495,0.164613
1662851401,17.9975,8.8485,0.162978
1662852001,17.995,8.8485,0.163011
1662852601,17.99,8.849,0.162658
1662853201,17.99,8.8485,0.162265
1662853801,17.9875,8.849,0.162023
1662854401,17.9825,8.8515,0.160135
1662855001,17.98,8.8505,0.160358
1662855601,17.98,8.8495,0.161047
1662856201,17.9775,8.852,0.160211
1662856801,17.975,8.8515,0.160051
1662857401,17.9725,8.854,0.158847
1662858001,17.97,8.8555,0.157664
1662858601,17.9675,8.857,0.157222
1662859201,17.965,8.857,0.156827
1662859801,17.965,8.8615,0.157865
1662860401,17.955,8.8595,0.157479
1662861001,17.955,8.8585,0.157306
1662861601,17.955,8.862,0.15642
1662862201,17.9475,8.8595,0.155601
1662862801,17.945,8.8625,0.155159
1662863401,17.945,8.8665,0.155769
1662864001,17.94,8.8675,0.154869
1662864601,17.935,8.866,0.153608
1662865201,17.935,8.8655,0.154983
1662865801,17.9325,8.869,0.154324
1662866401,17.93,8.8705,0.152931
1662867001,17.925,8.8685,0.152507
1662867601,17.925,8.8735,0.153863
1662868201,17.925,8.8795,0.152138
1662868801,17.925,8.882,0.152134
1662869401,17.9225,8.878,0.151704
1662870001,17.92,8.878,0.151482
1662870601,17.92,8.88,0.151349
1662871201,17.915,8.882,0.151431
1662871801,17.915,8.8805,0.151355
1662872401,17.91,8.883,0.150338
1662873001,17.91,8.8865,0.149499
1662873601,17.91,8.884,0.150334
1662874201,17.91,8.8835,0.149865
1662874801,17.91,8.8825,0.149604
1662875401,17.91,8.8805,0.149983
1662876001,17.91,8.8795,0.149266
1662876601,17.9075,8.882,0.149413
1662877201,17.91,8.8815,0.148533
1662877801,17.91,8.8785,0.1495
1662878401,17.91,8.882,0.147709
1662879001,17.91,8.8775,0.147358
1662879601,17.91,8.88,0.147538
1662880201,17.91,8.878,0.147239
1662880801,17.91,8.877,0.147749
1662881401,17.91,8.881,0.147348
1662882001,17.91,8.878,0.14713
1662882601,17.9075,8.8745,0.146814
1662883201,17.905,8.8765,0.147183
1662883801,17.9025,8.8785,0.146503
1662884401,17.9025,8.881,0.145842
1662885001,17.9,8.8805,0.145521
1662885601,17.9025,8.8785,0.145835
1662886201,17.9,8.8795,0.145452
1662886801,17.9,8.877,0.145032
1662887401,17.9,8.8785,0.144452
1662888001,17.9,8.8785,0.144761
1662888601,17.9,8.88,0.143586
1662889201,17.895,8.883,0.143534
1662889801,17.89,8.8835,0.143693
1662890401,17.8925,8.8835,0.143059
1662891001,17.89,8.8845,0.142566
1662891601,17.8875,8.884,0.142692
1662892201,17.885,8.8845,0.14265
1662892801,17.8825,8.886,0.142143
1662893401,17.88,8.889,0.142651
1662894001,17.875,8.8905,0.141452
1662894601,17.87,8.8925,0.141622
1662895201,17.865,8.8935,0.140764
1662895801,17.86,8.896,0.140546
1662896401,17.86,8.899,0.14091
1662897001,17.85,8.8995,0.140302
1662897601,17.8475,8.9025,0.140713
1662898201,17.84,8.904,0.13949
1662898801,17.8375,8.902,0.139529
1662899401,17.8325,8.905,0.139428
1662900001,17.8325,8.9065,0.138533
1662900601,17.83,8.9045,0.138441
1662901201,17.8275,8.9045,0.138193
1662901801,17.825,8.906,0.137985
1662902401,17.825,8.905,0.138085
1662903001,17.8275,8.906,0.13773
1662903601,17.8325,8.9085,0.137768
1662904201,17.84,8.9065,0.137499
1662904801,17.8525,8.905,0.137493
1662905401,17.86,8.903,0.136971
1662906001,17.865,8.9015,0.138276
1662906601,17.8725,8.906,0.138167
1662907201,17.8825,8.908,0.138108
1662907801,17.8975,8.905,0.137211
1662908401,17.9125,8.9,0.137349
1662909001,17.92,8.897,0.1377
1662909601,17.9275,8.8965,0.136628
1662910201,17.94,8.8995,0.136749
1662910801,17.96,8.895,0.136914
1662911401,17.98,8.892,0.136516
1662912001,18.0075,8.8895,0.137456
1662912601,18.0375,8.879,0.136978
1662913201,18.065,8.875,0.136887
1662913801,18.0825,8.8585,0.136622
1662914401,18.095,8.8555,0.137254
1662915001,18.1025,8.8615,0.137527
1662915601,18.1225,8.866,0.1376
1662916201,18.155,8.8565,0.137622
1662916801,18.1925,8.8435,0.137839
1662917401,18.22,8.84,0.136917
1662918001,18.245,8.834,0.137001
1662918601,18.285,8.8225,0.137262
1662919201,18.325,8.816,0.136389
1662919801,18.36,8.809,0.136568
1662920401,18.3875,8.7925,0.136566
1662921001,18.4025,8.79,0.136398
1662921601,18.4075,8.7905,0.135999
1662922201,18.425,8.7865,0.136174
1662922801,18.445,8.781,0.1357
1662923401,18.47,8.773,0.134878
1662924001,18.495,8.7665,0.135362
1662924601,18.5075,8.7605,0.134739
1662925201,18.515,8.7575,0.134283
1662925801,18.525,8.7545,0.134001
1662926401,18.535,8.749,0.133989
1662927001,18.5525,8.7465,0.133875
1662927601,18.565,8.7385,0.13384
1662928201,18.575,8.737,0.133864
1662928801,18.5825,8.732,0.132865
1662929401,18.59,8.732,0.132768
1662930001,18.6025,8.7315,0.132667
1662930601,18.615,8.7275,0.132531
1662931201,18.6275,8.7235,0.132034
1662931801,18.635,8.719,0.131981
1662932401,18.64,8.71,0.132046
1662933001,18.645,8.7045,0.130967
1662933601,18.645,8.705,0.131118
1662934201,18.6375,8.705,0.130502
1662934801,18.635,8.705,0.130106
1662935401,18.6275,8.705,0.130092
1662936001,18.6225,8.706,0.129039
1662936601,18.62,8.7085,0.129031
1662937201,18.6125,8.709,0.128815
1662937801,18.61,8.71,0.128617
1662938401,18.6,8.7095,0.127831
1662939001,18.595,8.709,0.127917
1662939601,18.5875,8.713,0.126985
1662940201,18.58,8.7155,0.126757
1662940801,18.5725,8.717,0.126846
1662941401,18.565,8.7195,0.126127
1662942001,18.56,8.7225,0.125751
1662942601,18.55,8.725,0.126475
1662943201,18.5475,8.723,0.128036
1662943801,18.54,8.7245,0.128366
1662944401,18.5375,8.7225,0.127833
1662945001,18.53,8.725,0.127643
1662945601,18.5225,8.727,0.128201
1662946201,18.515,8.732,0.127263
1662946801,18.51,8.7355,0.130284
1662947401,18.505,8.736,0.130513
1662948001,18.5025,8.739,0.132695
1662948601,18.495,8.743,0.136268
1662949201,18.495,8.7445,0.139643
1662949801,18.49,8.744,0.144661
1662950401,18.4875,8.745,0.149109
1662951001,18.48,8.7455,0.149623
1662951601,18.4775,8.7435,0.148526
1662952201,18.47,8.7475,0.150477
1662952801,18.4625,8.751,0.151379
1662953401,18.455,8.752,0.151903
1662954001,18.45,8.752,0.151687
1662954601,18.4425,8.7535,0.152032
1662955201,18.44,8.753,0.152754
1662955801,18.43,8.754,0.153866
1662956401,18.425,8.751,0.154649
1662957001,18.42,8.7525,0.154026
1662957601,18.4125,8.7555,0.155523
1662958201,18.41,8.7575,0.154852
1662958801,18.4025,8.7575,0.153347
1662959401,18.4,8.76,0.154662
1662960001,18.3925,8.755,0.157456
1662960601,18.39,8.749,0.156003
1662961201,18.385,8.746,0.156658
1662961801,18.375,8.7445,0.157157
1662962401,18.37,8.746,0.157243
1662963001,18.365,8.754,0.156982
1662963601,18.3575,8.7545,0.155158
1662964201,18.3525,8.7545,0.154917
1662964801,18.3475,8.757,0.153827
1662965401,18.3425,8.7625,0.152509
1662966001,18.3375,8.7605,0.153838
1662966601,18.3275,8.7615,0.153311
1662967201,18.3225,8.7625,0.153452
1662967801,18.3175,8.764,0.153499
1662968401,18.31,8.7645,0.153646
1662969001,18.305,8.761,0.153085
1662969601,18.3025,8.766,0.153412
1662970201,18.2925,8.768,0.151939
1662970801,18.29,8.77,0.150566
1662971401,18.2825,8.7695,0.152248
1662972001,18.28,8.7665,0.152312
1662972601,18.2775,8.767,0.152564
1662973201,18.2725,8.7655,0.151116
1662973801,18.2675,8.765,0.152806
1662974401,18.2625,8.7655,0.152113
1662975001,18.2575,8.7685,0.152351
1662975601,18.2525,8.7705,0.153196
1662976201,18.245,8.7685,0.154237
1662976801,18.24,8.765,0.154713
1662977401,18.235,8.765,0.156331
1662978001,18.225,8.763,0.156725
1662978601,18.225,8.7605,0.157086
1662979201,18.215,8.7625,0.158513
1662979801,18.2125,8.765,0.160095
1662980401,18.2075,8.7655,0.159434
1662981001,18.2,8.766,0.159995
1662981601,18.1975,8.769,0.15911
1662982201,18.19,8.771,0.159907
1662982801,18.19,8.772,0.161485
1662983401,18.18,8.7765,0.161839
1662984001,18.18,8.7825,0.161889
1662984601,18.175,8.782,0.16312
1662985201,18.175,8.789,0.163661
1662985801,18.175,8.789,0.164182
1662986401,18.175,8.7855,0.164514
1662987001,18.1775,8.7805,0.1646
1662987601,18.1775,8.777,0.164549
1662988201,18.175,8.7855,0.163709
1662988801,18.1825,8.787,0.163191
1662989401,18.185,8.785,0.163815
1662990001,18.185,8.7855,0.16215
1662990601,18.1875,8.7845,0.162212
1662991201,18.195,8.7875,0.162392
1662991801,18.195,8.7815,0.16178
1662992401,18.1975,8.781,0.161589
1662993001,18.2025,8.791,0.16107
1662993601,18.215,8.7855,0.160424
1662994201,18.225,8.7835,0.160177
1662994801,18.23,8.788,0.160213
1662995401,18.2325,8.788,0.160675
1662996001,18.24,8.7855,0.16066
1662996601,18.255,8.784,0.161345
1662997201,18.2775,8.7805,0.16178
1662997801,18.295,8.771,0.160225
1662998401,18.3025,8.7625,0.160733
1662999001,18.305,8.7735,0.160935
1662999601,18.3025,8.776,0.161797
1663000201,18.3125,8.7745,0.160517
1663000801,18.33,8.772,0.161312
1663001401,18.34,8.7705,0.160421
1663002001,18.355,8.765,0.160814
1663002601,18.38,8.7625,0.161303
1663003201,18.41,8.7545,0.161038
1663003801,18.45,8.743,0.161079
1663004401,18.48,8.736,0.159524
1663005001,18.4825,8.732,0.160142
1663005601,18.4725,8.733,0.158846
1663006201,18.4575,8.733,0.159095
1663006801,18.4475,8.741,0.158374
1663007401,18.4375,8.7495,0.157989
1663008001,18.435,8.752,0.15695
1663008601,18.4375,8.7485,0.157274
1663009201,18.44,8.7415,0.157384
1663009801,18.4375,8.7465,0.156662
1663010401,18.43,8.7445,0.156558
1663011001,18.4275,8.7445,0.156713
1663011601,18.425,8.743,0.157636
1663012201,18.425,8.7385,0.157143
1663012801,18.4325,8.736,0.15725
1663013401,18.4325,8.733,0.156022
1663014001,18.43,8.7325,0.157323
1663014601,18.43,8.734,0.157124
1663015201,18.43,8.7295,0.156806
1663015801,18.42,8.7305,0.155279
1663016401,18.41,8.734,0.155525
1663017001,18.405,8.7335,0.154859
1663017601,18.3925,8.7345,0.154792
1663018201,18.3875,8.7385,0.154319
1663018801,18.3775,8.7405,0.154672
1663019401,18.365,8.7385,0.153618
1663020001,18.355,8.7475,0.153336
1663020601,18.345,8.753,0.153394
1663021201,18.3375,8.75,0.153072
1663021801,18.3325,8.751,0.152068
1663022401,18.325,8.752,0.152317
1663023001,18.315,8.752,0.152
1663023601,18.3025,8.756,0.152241
1663024201,18.2925,8.762,0.151907
1663024801,18.2825,8.7635,0.151251
1663025401,18.27,8.769,0.151061
1663026001,18.25,8.771,0.150494
1663026601,18.235,8.7785,0.15034
1663027201,18.2125,8.7825,0.150268
1663027801,18.19,8.787,0.14958
1663028401,18.1625,8.794,0.148764
1663029001,18.1375,8.799,0.149483
1663029601,18.1125,8.8045,0.148495
1663030201,18.085,8.812,0.147396
1663030801,18.06,8.8175,0.147134
1663031401,18.0325,8.828,0.145979
1663032001,18.0025,8.8335,0.146675
1663032601,17.9775,8.8395,0.146206
1663033201,17.9475,8.846,0.145788
1663033801,17.9175,8.853,0.145546
1663034401,17.89,8.86,0.145046
1663035001,17.8625,8.8655,0.143932
1663035601,17.8325,8.869,0.144423
1663036201,17.805,8.881,0.143575
1663036801,17.775,8.886,0.143122
1663037401,17.745,8.889,0.142719
1663038001,17.7225,8.8945,0.141897
1663038601,17.6925,8.898,0.142254
1663039201,17.6675,8.904,0.141254
1663039801,17.64,8.909,0.141682
1663040401,17.6125,8.9155,0.140801
1663041001,17.585,8.919,0.140145
1663041601,17.555,8.9255,0.139806
1663042201,17.52,8.9325,0.138966
1663042801,17.49,8.9375,0.138314
1663043401,17.455,8.9425,0.137732
1663044001,17.42,8.95,0.137585
1663044601,17.3875,8.9565,0.137489
1663045201,17.355,8.962,0.136575
1663045801,17.32,8.9655,0.13647
1663046401,17.2875,8.9765,0.135482
1663047001,17.2525,8.9835,0.135519
1663047601,17.215,8.99,0.134573
1663048201,17.18,8.9945,0.134194
1663048801,17.145,9.0015,0.134804
1663049401,17.11,9.01,0.133412
1663050001,17.07,9.0165,0.132937
1663050601,17.0275,9.022,0.132603
1663051201,16.9875,9.0325,0.131687
1663051801,16.95,9.0355,0.130336
1663052401,16.9175,9.045,0.130609
1663053001,16.88,9.0515,0.129834
1663053601,16.85,9.0555,0.130215
1663054201,16.815,9.061,0.129288
1663054801,16.78,9.0655,0.128377
1663055401,16.75,9.0765,0.128878
1663056001,16.7125,9.0805,0.127622
1663056601,16.68,9.0875,0.127877
1663057201,16.65,9.092,0.126944
1663057801,16.6175,9.1,0.127312
1663058401,16.5875,9.105,0.125933
1663059001,16.5575,9.1085,0.126731
1663059601,16.5275,9.1125,0.12596
1663060201,16.4975,9.1235,0.125498
1663060801,16.465,9.1265,0.124968
1663061401,16.4325,9.1365,0.124379
1663062001,16.3975,9.1385,0.124313
1663062601,16.3675,9.1475,0.123416
1663063201,16.335,9.153,0.12408
1663063801,16.3125,9.159,0.123498
1663064401,16.285,9.1645,0.122757
1663065001,16.255,9.171,0.121903
1663065601,16.225,9.1775,0.121293
1663066201,16.2,9.181,0.120842
1663066801,16.1775,9.1875,0.120558
1663067401,16.155,9.1885,0.120068
1663068001,16.13,9.1955,0.120373
1663068601,16.105,9.2035,0.120643
1663069201,16.085,9.2085,0.119856
1663069801,16.0625,9.213,0.119467
1663070401,16.0425,9.2205,0.11883
1663071001,16.025,9.224,0.118661
1663071601,16.0075,9.231,0.11839
1663072201,15.995,9.227,0.118044
1663072801,15.9825,9.2315,0.116697
1663073401,15.9775,9.2325,0.117264
1663074001,15.975,9.2345,0.116948
1663074601,15.97,9.2345,0.116957
1663075201,15.975,9.23,0.116302
1663075801,15.98,9.229,0.116362
1663076401,15.99,9.2275,0.116095
1663077001,16.0025,9.228,0.116273
1663077601,16.01,9.2265,0.116339
1663078201,16.0275,9.225,0.116593
1663078801,16.045,9.2225,0.116476
1663079401,16.065,9.219,0.11627
1663080001,16.09,9.2125,0.11636
1663080601,16.1125,9.208,0.115629
1663081201,16.1375,9.2065,0.115196
1663081801,16.1675,9.2015,0.11541
1663082401,16.2,9.1945,0.115673
1663083001,16.235,9.189,0.115732
1663083601,16.2775,9.184,0.114559
1663084201,16.3225,9.176,0.116247
1663084801,16.37,9.171,0.116224
1663085401,16.4225,9.163,0.11608
1663086001,16.47,9.152,0.115901
1663086601,16.5175,9.143,0.116516
1663087201,16.555,9.136,0.11641
1663087801,16.6,9.1255,0.116647
1663088401,16.6475,9.114,0.115122
1663089001,16.6925,9.103,0.11554
1663089601,16.74,9.0895,0.115867
1663090201,16.7825,9.085,0.116032
1663090801,16.83,9.0735,0.115094
1663091401,16.875,9.063,0.114951
1663092001,16.915,9.055,0.115046
1663092601,16.9525,9.0455,0.115029
1663093201,16.99,9.0415,0.114734
1663093801,17.0225,9.0365,0.114449
1663094401,17.04,9.0305,0.114534
1663095001,17.05,9.023,0.114022
1663095601,17.075,9.0175,0.114049
1663096201,17.09,9.013,0.113024
1663096801,17.11,9.007,0.112999
1663097401,17.125,9.0085,0.112644
1663098001,17.13,9.007,0.112657
1663098601,17.1275,9.0035,0.11171
1663099201,17.13,9.004,0.111226
1663099801,17.13,8.9995,0.110953
1663100401,17.13,8.9975,0.110472
1663101001,17.1325,8.9955,0.110266
1663101601,17.1325,8.9985,0.109508
1663102201,17.125,8.9995,0.109721
1663102801,17.125,8.9985,0.108857
1663103401,17.125,9.002,0.109587
1663104001,17.1275,8.9975,0.108258
1663104601,17.13,8.997,0.108105
1663105201,17.1325,8.998,0.107195
1663105801,17.135,8.995,0.107468
1663106401,17.1325,8.9965,0.107013
1663107001,17.13,9.0005,0.106649
1663107601,17.1275,8.999,0.106476
1663108201,17.12,8.9965,0.105829
1663108801,17.12,8.996,0.105077
1663109401,17.12,8.995,0.105102
1663110001,17.1125,8.9995,0.105492
1663110601,17.11,9,0.104948
1663111201,17.1075,8.9985,0.104778
1663111801,17.0975,8.9995,0.104135
1663112401,17.0875,9.001,0.104351
1663113001,17.075,9.001,0.103914
1663113601,17.0675,9.0025,0.103357
1663114201,17.06,9.007,0.103542
1663114801,17.0475,9.0075,0.103023
1663115401,17.0375,9.0125,0.103501
1663116001,17.0275,9.0135,0.10284
1663116601,17.015,9.017,0.103128
1663117201,17.005,9.0195,0.102968
1663117801,16.995,9.024,0.102054
1663118401,16.985,9.0255,0.102605
1663119001,16.9775,9.0275,0.102124
1663119601,16.9675,9.0325,0.102115
1663120201,16.9575,9.033,0.101834
1663120801,16.9475,9.034,0.102081
1663121401,16.9375,9.038,0.101493
1663122001,16.93,9.04,0.101272
1663122601,16.9225,9.043,0.101745
1663123201,16.915,9.0425,0.101434
1663123801,16.905,9.046,0.100936
1663124401,16.8975,9.0475,0.101051
1663125001,16.8875,9.0475,0.100774
1663125601,16.8825,9.049,0.100918
1663126201,16.8725,9.0525,0.100726
1663126801,16.865,9.0525,0.100164
1663127401,16.86,9.0555,0.100121
1663128001,16.855,9.0555,0.100802
1663128601,16.85,9.0575,0.099762
1663129201,16.85,9.0575,0.100099
1663129801,16.845,9.0615,0.100041
1663130401,16.84,9.0625,0.100489
1663131001,16.83,9.0635,0.09931
1663131601,16.8225,9.064,0.099812
1663132201,16.8175,9.066,0.098947
1663132801,16.8075,9.069,0.099688
1663133401,16.8,9.072,0.099241
1663134001,16.7875,9.076,0.098507
1663134601,16.7775,9.081,0.099052
1663135201,16.765,9.08,0.098451
1663135801,16.7475,9.0845,0.098265
1663136401,16.7325,9.087,0.098076
1663137001,16.72,9.0905,0.096591
1663137601,16.7075,9.094,0.097583
1663138201,16.695,9.0965,0.097609
1663138801,16.6825,9.0995,0.096906
1663139401,16.6725,9.1015,0.0966
1663140001,16.66,9.103,0.096159
1663140601,16.6475,9.109,0.096488
1663141201,16.635,9.1095,0.096013
1663141801,16.6225,9.1105,0.096157
1663142401,16.615,9.113,0.096071
1663143001,16.61,9.115,0.095227
1663143601,16.6,9.117,0.095481
1663144201,16.5925,9.1155,0.095004
1663144801,16.585,9.12,0.095035
1663145401,16.5725,9.118,0.095257
1663146001,16.5675,9.12,0.094722
1663146601,16.56,9.1225,0.094932
1663147201,16.55,9.129,0.094726
1663147801,16.5375,9.133,0.094055
1663148401,16.5225,9.136,0.094094
1663149001,16.51,9.1395,0.093787
1663149601,16.4975,9.1425,0.093986
1663150201,16.485,9.1445,0.093185
1663150801,16.475,9.151,0.093486
1663151401,16.46,9.151,0.093186
1663152001,16.4525,9.1545,0.093649
1663152601,16.4375,9.1595,0.092552
1663153201,16.4225,9.1635,0.092776
1663153801,16.41,9.167,0.092211
1663154401,16.3975,9.17,0.091697
1663155001,16.385,9.172,0.091857
1663155601,16.3725,9.1765,0.092136
1663156201,16.3575,9.182,0.091666
1663156801,16.345,9.185,0.091691
1663157401,16.335,9.1905,0.091277
1663158001,16.325,9.1925,0.0906
1663158601,16.315,9.197,0.091055
1663159201,16.3,9.2015,0.090535
1663159801,16.295,9.1975,0.090155
1663160401,16.29,9.1985,0.090623
1663161001,16.29,9.2005,0.090244
1663161601,16.2925,9.2005,0.090266
1663162201,16.2975,9.2,0.090469
1663162801,16.3,9.198,0.090138
1663163401,16.31,9.197,0.090334
1663164001,16.32,9.1955,0.08978
1663164601,16.3325,9.197,0.090541
1663165201,16.3475,9.192,0.08977
1663165801,16.365,9.189,0.089623
1663166401,16.385,9.1905,0.090563
1663167001,16.4075,9.1865,0.090326
1663167601,16.43,9.183,0.090234
1663168201,16.46,9.183,0.089761
1663168801,16.49,9.174,0.089206
1663169401,16.515,9.1705,0.090291
1663170001,16.5425,9.1665,0.090099
1663170601,16.5875,9.1605,0.090451
1663171201,16.64,9.1535,0.090747
1663171801,16.695,9.146,0.090663
1663172401,16.7375,9.139,0.090427
1663173001,16.765,9.1305,0.091266
1663173601,16.7775,9.129,0.09043
1663174201,16.785,9.129,0.090688
1663174801,16.81,9.127,0.09036
1663175401,16.825,9.1235,0.091092
1663176001,16.8575,9.114,0.090879
1663176601,16.895,9.097,0.09022
1663177201,16.93,9.092,0.090208
1663177801,16.955,9.0815,0.090314
1663178401,16.9875,9.075,0.090244
1663179001,17.025,9.0695,0.090257
1663179601,17.06,9.0575,0.089358
1663180201,17.0725,9.054,0.089645
1663180801,17.085,9.0505,0.089993
1663181401,17.1125,9.0445,0.089389
1663182001,17.1325,9.044,0.089149
1663182601,17.1475,9.0365,0.088762
1663183201,17.1675,9.0345,0.088787
1663183801,17.175,9.0315,0.08854
1663184401,17.1775,9.024,0.088598
1663185001,17.1875,9.0265,0.088274
1663185601,17.1925,9.0225,0.087991
1663186201,17.19,9.021,0.087644
1663186801,17.19,9.023,0.087384
1663187401,17.195,9.017,0.087025
1663188001,17.195,9.0145,0.086612
1663188601,17.1975,9.0175,0.086607
1663189201,17.2,9.016,0.086474
1663189801,17.2,9.0185,0.085712
1663190401,17.2025,9.0175,0.085825
1663191001,17.205,9.0155,0.085802
1663191601,17.21,9.01,0.085398
1663192201,17.205,9.0085,0.084968
1663192801,17.1975,9.008,0.084774
1663193401,17.19,9.011,0.085084
1663194001,17.185,9.011,0.084788
1663194601,17.175,9.014,0.084378
1663195201,17.1725,9.012,0.084708
1663195801,17.165,9.019,0.084362
1663196401,17.155,9.02,0.084211
1663197001,17.145,9.0215,0.083523
1663197601,17.1325,9.024,0.083698
1663198201,17.12,9.026,0.083959
1663198801,17.1125,9.0265,0.083709
1663199401,17.1,9.031,0.082975
1663200001,17.085,9.0305,0.083386
1663200601,17.0725,9.0385,0.083388
1663201201,17.06,9.038,0.082442
1663201801,17.0475,9.0445,0.082945
1663202401,17.03,9.048,0.082803
1663203001,17.0125,9.055,0.082237
1663203601,16.995,9.0605,0.082652
1663204201,16.975,9.0635,0.082339
1663204801,16.96,9.0705,0.0822
1663205401,16.94,9.078,0.081784
1663206001,16.92,9.0795,0.081859
1663206601,16.9,9.0855,0.081368
1663207201,16.88,9.091,0.081366
1663207801,16.86,9.096,0.081172
1663208401,16.8425,9.0985,0.081025
1663209001,16.82,9.105,0.081528
1663209601,16.8,9.111,0.080722
1663210201,16.78,9.112,0.080798
1663210801,16.765,9.117,0.080885
1663211401,16.75,9.1245,0.08084
1663212001,16.7275,9.1275,0.080393
1663212601,16.705,9.134,0.080528
1663213201,16.6875,9.1385,0.080448
1663213801,16.665,9.1445,0.079876
1663214401,16.6475,9.147,0.079686
1663215001,16.625,9.1515,0.079721
1663215601,16.61,9.155,0.080269
1663216201,16.5925,9.158,0.079466
1663216801,16.58,9.1635,0.079505
1663217401,16.56,9.166,0.079367
1663218001,16.545,9.166,0.079808
1663218601,16.5275,9.171,0.079435
1663219201,16.51,9.1775,0.078524
1663219801,16.4925,9.18,0.078738
1663220401,16.475,9.1805,0.078411
1663221001,16.4575,9.1835,0.078354
1663221601,16.445,9.19,0.07851
1663222201,16.4275,9.1905,0.07803
1663222801,16.41,9.192,0.078081
1663223401,16.3925,9.196,0.07802
1663224001,16.375,9.202,0.077544
1663224601,16.355,9.2025,0.07798
1663225201,16.335,9.209,0.077517
1663225801,16.3175,9.2125,0.077205
1663226401,16.3025,9.215,0.077005
1663227001,16.2875,9.221,0.076846
1663227601,16.27,9.222,0.076688
1663228201,16.25,9.2265,0.076427
1663228801,16.24,9.229,0.076751
1663229401,16.22,9.2285,0.076644
1663230001,16.21,9.237,0.075914
1663230601,16.19,9.239,0.075977
1663231201,16.1775,9.241,0.075978
1663231801,16.165,9.2445,0.075856
1663232401,16.145,9.2485,0.075508
1663233001,16.1325,9.2525,0.075148
1663233601,16.115,9.256,0.074977
1663234201,16.1025,9.2575,0.074847
1663234801,16.0875,9.262,0.075057
1663235401,16.07,9.2655,0.074356
1663236001,16.0575,9.2705,0.07445
1663236601,16.0425,9.2735,0.073896
1663237201,16.0275,9.275,0.074081
1663237801,16.015,9.2805,0.074445
1663238401,16,9.285,0.073906
1663239001,15.9875,9.286,0.073665
1663239601,15.9775,9.289,0.073432
1663240201,15.965,9.2965,0.073419
1663240801,15.9525,9.2955,0.073521
1663241401,15.9375,9.302,0.073491
1663242001,15.9275,9.301,0.072893
1663242601,15.9125,9.3065,0.072773
1663243201,15.9025,9.307,0.072869
1663243801,15.895,9.309,0.07301
1663244401,15.885,9.3115,0.072767
1663245001,15.88,9.3175,0.072294
1663245601,15.8725,9.3205,0.072286
1663246201,15.87,9.32,0.072466
1663246801,15.8725,9.3235,0.072625
1663247401,15.8675,9.327,0.072287
1663248001,15.8675,9.324,0.072518
1663248601,15.875,9.3215,0.072757
1663249201,15.8825,9.3185,0.071838
1663249801,15.8925,9.312,0.072064
1663250401,15.91,9.315,0.07208
1663251001,15.93,9.312,0.072034
1663251601,15.95,9.3085,0.072214
1663252201,15.975,9.299,0.072291
1663252801,15.9975,9.296,0.071972
1663253401,16.0225,9.2905,0.072468
1663254001,16.05,9.2855,0.072335
1663254601,16.0825,9.2805,0.072319
1663255201,16.115,9.271,0.072123
1663255801,16.155,9.266,0.072395
1663256401,16.1975,9.259,0.072539
1663257001,16.255,9.249,0.073119
1663257601,16.31,9.2355,0.073188
1663258201,16.365,9.226,0.073664
1663258801,16.4225,9.218,0.074105
1663259401,16.475,9.2045,0.073878
1663260001,16.51,9.194,0.073331
1663260601,16.5525,9.1835,0.074122
1663261201,16.6025,9.1705,0.073201
1663261801,16.645,9.1605,0.073197
1663262401,16.69,9.143,0.073496
1663263001,16.7325,9.131,0.073484
1663263601,16.78,9.1175,0.073871
1663264201,16.8275,9.1105,0.073312
1663264801,16.87,9.0975,0.073425
1663265401,16.915,9.0865,0.07376
1663266001,16.96,9.078,0.07362
1663266601,16.9975,9.0695,0.072973
1663267201,17.025,9.066,0.073023
1663267801,17.0475,9.059,0.072782
1663268401,17.0675,9.0515,0.072701
1663269001,17.0875,9.0435,0.072297
1663269601,17.1075,9.041,0.072443
1663270201,17.1325,9.035,0.072472
1663270801,17.1525,9.033,0.072017
1663271401,17.16,9.0335,0.072315
1663272001,17.1675,9.027,0.071674
1663272601,17.165,9.0235,0.071511
1663273201,17.175,9.0225,0.071263
1663273801,17.1825,9.02,0.070736
1663274401,17.19,9.0145,0.070799
1663275001,17.195,9.012,0.070628
1663275601,17.2,9.013,0.070236
1663276201,17.205,9.008,0.069801
1663276801,17.205,9.007,0.069476
1663277401,17.21,9.0095,0.069469
1663278001,17.21,9.0065,0.069447
1663278601,17.2125,9.0075,0.069029
1663279201,17.215,9.0095,0.069329
1663279801,17.21,9.008,0.069098
1663280401,17.21,9.0035,0.068635
1663281001,17.21,9.0025,0.068627
1663281601,17.21,9.007,0.068233
1663282201,17.2075,9.0035,0.068279
1663282801,17.2025,9.006,0.068194
1663283401,17.2,9.0075,0.068105
1663284001,17.1925,9.0105,0.068228
1663284601,17.19,9.0085,0.067954
1663285201,17.1825,9.007,0.067932
1663285801,17.1775,9.0085,0.067664
1663286401,17.1725,9.0075,0.067596
1663287001,17.165,9.0125,0.067531
1663287601,17.155,9.0135,0.067726
1663288201,17.1475,9.017,0.06744
1663288801,17.14,9.022,0.067935
1663289401,17.13,9.025,0.067469
1663290001,17.1175,9.0285,0.067528
1663290601,17.1075,9.0325,0.067836
1663291201,17.0975,9.035,0.06777
1663291801,17.085,9.0375,0.067532
1663292401,17.0725,9.041,0.067854
1663293001,17.0625,9.0415,0.067563
1663293601,17.0475,9.046,0.067627
1663294201,17.035,9.0485,0.06793
1663294801,17.0225,9.0505,0.067427
1663295401,17.0075,9.059,0.067247
1663296001,16.995,9.061,0.067662
1663296601,16.9775,9.063,0.067781
1663297201,16.9625,9.0685,0.067592
1663297801,16.95,9.066,0.067589
1663298401,16.9375,9.075,0.067342
1663299001,16.9225,9.0735,0.067436
1663299601,16.91,9.079,0.067512
1663300201,16.89,9.0895,0.067426
1663300801,16.8725,9.091,0.067347
1663301401,16.855,9.0935,0.066837
1663302001,16.83,9.1,0.066948
1663302601,16.815,9.1055,0.067044
1663303201,16.795,9.1085,0.067156
1663303801,16.78,9.114,0.066668
1663304401,16.7575,9.116,0.066702
1663305001,16.7375,9.1205,0.066206
1663305601,16.72,9.1235,0.066241
1663306201,16.7025,9.127,0.066781
1663306801,16.685,9.1305,0.066502
1663307401,16.665,9.134,0.0661
1663308001,16.6475,9.139,0.066204
1663308601,16.6325,9.136,0.066151
1663309201,16.615,9.143,0.06599
1663309801,16.5975,9.1475,0.065943
1663310401,16.5825,9.151,0.065904
1663311001,16.565,9.1555,0.065462
1663311601,16.545,9.153,0.065412
1663312201,16.5275,9.1595,0.065311
1663312801,16.51,9.162,0.064989
1663313401,16.495,9.1665,0.064998
1663314001,16.475,9.17,0.064905
1663314601,16.455,9.1765,0.064874
1663315201,16.43,9.178,0.06457
1663315801,16.4075,9.183,0.064346
1663316401,16.385,9.1865,0.064322
1663317001,16.365,9.19,0.064141
1663317601,16.345,9.192,0.063868
1663318201,16.325,9.196,0.063764
1663318801,16.305,9.1995,0.06356
1663319401,16.2925,9.2025,0.063473
1663320001,16.2775,9.211,0.063262
1663320601,16.265,9.2155,0.062648
1663321201,16.245,9.216,0.062955
1663321801,16.23,9.2225,0.0622
1663322401,16.21,9.224,0.0623
1663323001,16.2,9.2305,0.062288
1663323601,16.18,9.2345,0.062024
1663324201,16.165,9.2395,0.062636
1663324801,16.145,9.2435,0.061852
1663325401,16.1275,9.247,0.062382
1663326001,16.115,9.25,0.062118
1663326601,16.0975,9.2535,0.062016
1663327201,16.085,9.258,0.062072
1663327801,16.075,9.267,0.062366
1663328401,16.07,9.2675,0.061639
1663329001,16.0625,9.2695,0.061443
1663329601,16.055,9.2735,0.06102
1663330201,16.0525,9.2725,0.061087
1663330801,16.0475,9.2745,0.061
1663331401,16.05,9.2765,0.061135
1663332001,16.05,9.2745,0.061167
1663332601,16.0525,9.274,0.061124
1663333201,16.0625,9.2805,0.060715
1663333801,16.0675,9.2805,0.060919
1663334401,16.0775,9.2735,0.060898
1663335001,16.09,9.2715,0.061269
1663335601,16.105,9.2695,0.061112
1663336201,16.12,9.2655,0.060763
1663336801,16.14,9.263,0.061337
1663337401,16.16,9.261,0.060879
1663338001,16.18,9.2575,0.060989
1663338601,16.2,9.2565,0.061565
1663339201,16.23,9.254,0.061146
1663339801,16.255,9.2415,0.06152
1663340401,16.2825,9.2335,0.061458
1663341001,16.3125,9.2295,0.061434
1663341601,16.345,9.2265,0.061676
1663342201,16.3825,9.2175,0.06125
1663342801,16.43,9.2125,0.06191
1663343401,16.4775,9.2025,0.061857
1663344001,16.53,9.1895,0.061901
1663344601,16.585,9.183,0.062077
1663345201,16.6325,9.17,0.062724
1663345801,16.68,9.1605,0.062602
1663346401,16.715,9.153,0.062778
1663347001,16.7625,9.1415,0.062569
1663347601,16.8075,9.1295,0.062166
1663348201,16.8475,9.1165,0.062256
1663348801,16.895,9.107,0.062127
1663349401,16.94,9.097,0.062371
1663350001,16.9825,9.0865,0.062212
1663350601,17.03,9.077,0.062646
1663351201,17.075,9.0655,0.062504
1663351801,17.115,9.057,0.062383
1663352401,17.15,9.0495,0.062478
1663353001,17.175,9.0485,0.06182
1663353601,17.19,9.0465,0.06215
1663354201,17.2025,9.0395,0.061488
1663354801,17.2075,9.039,0.061846
1663355401,17.22,9.033,0.061731
1663356001,17.2375,9.028,0.061703
1663356601,17.255,9.0255,0.06113
1663357201,17.265,9.018,0.060927
1663357801,17.27,9.017,0.061128
1663358401,17.28,9.0105,0.061003
1663359001,17.29,9.0095,0.060939
1663359601,17.3025,9.0025,0.060852
1663360201,17.31,8.9985,0.060251
1663360801,17.315,8.9955,0.060395
1663361401,17.325,8.9925,0.060134
1663362001,17.325,8.992,0.060473
1663362601,17.3275,8.9865,0.060094
1663363201,17.335,8.982,0.059421
1663363801,17.335,8.98,0.059779
1663364401,17.3425,8.98,0.059485
1663365001,17.345,8.979,0.059401
1663365601,17.345,8.9785,0.059674
1663366201,17.3425,8.976,0.058768
1663366801,17.34,8.976,0.058617
1663367401,17.34,8.973,0.058859
1663368001,17.34,8.9745,0.058838
1663368601,17.3375,8.973,0.058754
1663369201,17.335,8.972,0.058385
1663369801,17.33,8.9735,0.058282
1663370401,17.3275,8.974,0.058614
1663371001,17.32,8.974,0.058347
1663371601,17.3175,8.9775,0.05801
1663372201,17.3125,8.978,0.058158
1663372801,17.3075,8.976,0.057994
1663373401,17.3,8.9765,0.058119
1663374001,17.295,8.9785,0.058089
1663374601,17.2875,8.981,0.05796
1663375201,17.2825,8.9865,0.057992
1663375801,17.2725,8.9895,0.05774
1663376401,17.2675,8.9885,0.058466
1663377001,17.2575,8.9915,0.05849
1663377601,17.25,8.9955,0.058322
1663378201,17.24,8.9995,0.058266
1663378801,17.2325,8.998,0.058516
1663379401,17.22,9.0025,0.057969
1663380001,17.21,9.0085,0.058116
1663380601,17.2025,9.0085,0.058259
1663381201,17.195,9.011,0.058054
1663381801,17.1875,9.0135,0.05806
1663382401,17.1775,9.0155,0.057993
1663383001,17.1675,9.015,0.058074
1663383601,17.1575,9.021,0.058167
1663384201,17.1475,9.0235,0.057975
1663384801,17.1375,9.0275,0.058197
1663385401,17.1225,9.0295,0.057793
1663386001,17.11,9.0335,0.057833
1663386601,17.1,9.0365,0.058131
1663387201,17.0875,9.0345,0.058225
1663387801,17.0775,9.04,0.057982
1663388401,17.065,9.041,0.058021
1663389001,17.055,9.0425,0.057951
1663389601,17.0425,9.0455,0.057778
1663390201,17.0325,9.0515,0.058201
1663390801,17.02,9.0505,0.057713
1663391401,17.01,9.0565,0.058059
1663392001,16.9975,9.059,0.057893
1663392601,16.985,9.0595,0.058102
1663393201,16.9675,9.0625,0.058003
1663393801,16.9575,9.067,0.05794
1663394401,16.9425,9.07,0.057881
1663395001,16.93,9.0705,0.0578
1663395601,16.915,9.0765,0.057506
1663396201,16.9025,9.0755,0.057662
1663396801,16.885,9.08,0.057784
1663397401,16.875,9.082,0.057986
1663398001,16.8575,9.084,0.057456
1663398601,16.845,9.0885,0.05746
1663399201,16.83,9.089,0.057325
1663399801,16.815,9.097,0.05751
1663400401,16.8,9.0985,0.057567
1663401001,16.785,9.1005,0.056951
1663401601,16.77,9.1045,0.056842
1663402201,16.7575,9.106,0.05705
1663402801,16.7425,9.1105,0.057003
1663403401,16.73,9.1115,0.056905
1663404001,16.7125,9.1155,0.056679
1663404601,16.7025,9.1185,0.056349
1663405201,16.6875,9.1225,0.056118
1663405801,16.675,9.121,0.056093
1663406401,16.6675,9.1255,0.056312
1663407001,16.6575,9.1285,0.056307
1663407601,16.645,9.13,0.055697
1663408201,16.635,9.1315,0.055802
1663408801,16.625,9.1335,0.055513
1663409401,16.61,9.1385,0.055754
1663410001,16.595,9.143,0.055456
1663410601,16.585,9.143,0.055535
1663411201,16.57,9.15,0.055319
1663411801,16.555,9.152,0.055263
1663412401,16.5425,9.156,0.05507
1663413001,16.53,9.1585,0.055311
1663413601,16.52,9.164,0.054936
1663414201,16.51,9.1665,0.054877
1663414801,16.5,9.168,0.054773
1663415401,16.495,9.169,0.054415
1663416001,16.49,9.173,0.05445
1663416601,16.4875,9.176,0.054501
1663417201,16.48,9.178,0.054191
1663417801,16.48,9.18,0.054458
1663418401,16.475,9.1835,0.054378
1663419001,16.475,9.184,0.053992
1663419601,16.4775,9.182,0.054391
1663420201,16.48,9.1835,0.054446
1663420801,16.4875,9.184,0.054254
1663421401,16.495,9.184,0.054248
1663422001,16.505,9.1845,0.0542
1663422601,16.52,9.186,0.054287
1663423201,16.535,9.1835,0.054181
1663423801,16.555,9.1825,0.054051
1663424401,16.575,9.1785,0.054685
1663425001,16.595,9.1675,0.054468
1663425601,16.615,9.163,0.054358
1663426201,16.635,9.1555,0.054519
1663426801,16.655,9.1545,0.054556
1663427401,16.68,9.1525,0.054622
1663428001,16.71,9.1435,0.054076
1663428601,16.7375,9.139,0.054398
1663429201,16.7825,9.1325,0.054866
1663429801,16.8275,9.126,0.055401
1663430401,16.8775,9.116,0.055466
1663431001,16.9275,9.106,0.055783
1663431601,16.9675,9.0995,0.055581
1663432201,17.015,9.09,0.05557
1663432801,17.045,9.083,0.055636
1663433401,17.085,9.0725,0.055322
1663434001,17.12,9.0655,0.05499
1663434601,17.1475,9.0535,0.054742
1663435201,17.175,9.0475,0.055237
1663435801,17.195,9.041,0.054379
1663436401,17.22,9.033,0.054658
1663437001,17.245,9.0255,0.054569
1663437601,17.2875,9.013,0.054817
1663438201,17.3375,9.005,0.054839
1663438801,17.385,8.996,0.054739
1663439401,17.425,8.9925,0.054685
1663440001,17.4425,8.9855,0.054678
1663440601,17.4525,8.9775,0.054641
1663441201,17.475,8.9705,0.054588
1663441801,17.4925,8.9645,0.05482
1663442401,17.5075,8.9585,0.054624
1663443001,17.5325,8.955,0.054327
1663443601,17.55,8.9525,0.054446
1663444201,17.5675,8.954,0.054437
1663444801,17.575,8.946,0.054625
1663445401,17.5825,8.941,0.053845
1663446001,17.585,8.936,0.054126
1663446601,17.59,8.928,0.053906
1663447201,17.59,8.928,0.05383
1663447801,17.59,8.927,0.053628
1663448401,17.59,8.925,0.053396
1663449001,17.59,8.923,0.053175
1663449601,17.5925,8.922,0.053332
1663450201,17.595,8.924,0.053105
1663450801,17.5975,8.9225,0.05294
1663451401,17.6,8.921,0.052743
1663452001,17.6,8.921,0.052725
1663452601,17.6025,8.9195,0.052434
1663453201,17.6,8.9155,0.052799
1663453801,17.5975,8.9145,0.052435
1663454401,17.59,8.915,0.052407
1663455001,17.5875,8.9115,0.052238
1663455601,17.5875,8.9145,0.051981
1663456201,17.58,8.9115,0.052098
1663456801,17.5725,8.915,0.051952
1663457401,17.57,8.9175,0.05176
1663458001,17.5625,8.9165,0.051677
1663458601,17.5575,8.92,0.051664
1663459201,17.55,8.9185,0.051586
1663459801,17.5425,8.9215,0.051402
1663460401,17.535,8.925,0.051697
1663461001,17.525,8.9265,0.051726
1663461601,17.5175,8.9295,0.051385
1663462201,17.505,8.932,0.051528
1663462801,17.4925,8.94,0.051713
1663463401,17.4825,8.9395,0.051711
1663464001,17.4675,8.943,0.051668
1663464601,17.4525,8.949,0.051633
1663465201,17.435,8.9515,0.051791
1663465801,17.4175,8.959,0.051507
1663466401,17.395,8.964,0.051625
1663467001,17.375,8.967,0.051516
1663467601,17.355,8.9715,0.051636
1663468201,17.335,8.98,0.051685
1663468801,17.3125,8.982,0.051536
1663469401,17.29,8.9865,0.051807
1663470001,17.265,8.9945,0.051559
1663470601,17.245,8.995,0.051281
1663471201,17.225,9.0005,0.051493
1663471801,17.205,9.0045,0.051639
1663472401,17.1925,9.0075,0.051724
1663473001,17.1775,9.0085,0.051541
1663473601,17.16,9.0125,0.051528
1663474201,17.145,9.016,0.051516
1663474801,17.13,9.018,0.051462
1663475401,17.115,9.021,0.051423
1663476001,17.1,9.0215,0.051588
1663476601,17.085,9.0255,0.051256
1663477201,17.0675,9.0275,0.051493
1663477801,17.055,9.032,0.051467
1663478401,17.035,9.0345,0.051117
1663479001,17.025,9.0385,0.051317
1663479601,17.005,9.0375,0.051545
1663480201,16.99,9.0425,0.051023
1663480801,16.9725,9.047,0.051236
1663481401,16.9575,9.0485,0.051342
1663482001,16.945,9.05,0.051076
1663482601,16.93,9.056,0.050835
1663483201,16.915,9.0575,0.050868
1663483801,16.9025,9.0575,0.051155
1663484401,16.8875,9.0605,0.051041
1663485001,16.875,9.0605,0.050942
1663485601,16.8625,9.0645,0.050862
1663486201,16.8525,9.067,0.05087
1663486801,16.835,9.068,0.050831
1663487401,16.8275,9.0695,0.050357
1663488001,16.8175,9.0745,0.050529
1663488601,16.805,9.074,0.050418
1663489201,16.7925,9.076,0.050215
1663489801,16.7825,9.0775,0.050059
1663490401,16.77,9.08,0.050105
1663491001,16.755,9.082,0.049817
1663491601,16.745,9.085,0.049528
1663492201,16.735,9.089,0.049626
1663492801,16.7225,9.0925,0.049566
1663493401,16.7075,9.0915,0.049357
1663494001,16.6975,9.096,0.049409
1663494601,16.69,9.1015,0.049634
1663495201,16.675,9.1055,0.049207
1663495801,16.6625,9.106,0.049072
1663496401,16.6525,9.112,0.049036
1663497001,16.6375,9.1155,0.048466
1663497601,16.625,9.117,0.048738
1663498201,16.61,9.1195,0.048623
1663498801,16.6,9.1245,0.048417
1663499401,16.5875,9.1265,0.048233
1663500001,16.5725,9.1345,0.048452
1663500601,16.56,9.138,0.048535
1663501201,16.55,9.1395,0.048344
1663501801,16.54,9.143,0.048185
1663502401,16.5275,9.151,0.047898
1663503001,16.515,9.1535,0.047863
1663503601,16.505,9.157,0.047782
1663504201,16.4975,9.1595,0.047544
1663504801,16.4925,9.162,0.047555
1663505401,16.4875,9.1615,0.047831
1663506001,16.485,9.162,0.047456
1663506601,16.48,9.1635,0.047772
1663507201,16.485,9.161,0.047802
1663507801,16.49,9.161,0.048123
1663508401,16.5,9.1595,0.047573
1663509001,16.505,9.1615,0.047536
1663509601,16.5175,9.156,0.04774
1663510201,16.5325,9.159,0.047752
1663510801,16.545,9.1555,0.04766
1663511401,16.565,9.157,0.047622
1663512001,16.585,9.155,0.047851
1663512601,16.605,9.1465,0.047588
1663513201,16.6275,9.1405,0.047821
1663513801,16.655,9.135,0.048192
1663514401,16.685,9.128,0.047806
1663515001,16.72,9.1235,0.047808
1663515601,16.7625,9.1125,0.048023
1663516201,16.7925,9.113,0.048107
1663516801,16.81,9.111,0.047848
1663517401,16.8275,9.108,0.047977
1663518001,16.8525,9.1045,0.048
1663518601,16.8925,9.098,0.047899
1663519201,16.9175,9.093,0.047784
1663519801,16.9425,9.0865,0.048131
1663520401,16.9675,9.081,0.048023
1663521001,16.9925,9.082,0.048238
1663521601,17.0275,9.0665,0.048228
1663522201,17.065,9.061,0.048364
1663522801,17.1025,9.0425,0.048445
1663523401,17.15,9.03,0.048234
1663524001,17.21,9.0195,0.048581
1663524601,17.2725,9.0075,0.04839
1663525201,17.3225,8.9935,0.048461
1663525801,17.365,8.984,0.048541
1663526401,17.3975,8.9735,0.048391
1663527001,17.425,8.9625,0.048277
1663527601,17.45,8.958,0.048245
1663528201,17.465,8.948,0.048223
1663528801,17.49,8.944,0.048031
1663529401,17.51,8.941,0.047946
1663530001,17.5225,8.935,0.048085
1663530601,17.5325,8.9315,0.047888
1663531201,17.5375,8.9295,0.048018
1663531801,17.535,8.9285,0.047317
1663532401,17.5375,8.926,0.047588
1663533001,17.535,8.9235,0.047223
1663533601,17.54,8.9225,0.046665
1663534201,17.54,8.9205,0.046901
1663534801,17.5375,8.916,0.046502
1663535401,17.54,8.919,0.046344
1663536001,17.54,8.917,0.046283
1663536601,17.54,8.916,0.045656
1663537201,17.54,8.913,0.045627
1663537801,17.54,8.915,0.045996
1663538401,17.535,8.914,0.045159
1663539001,17.5325,8.9135,0.045306
1663539601,17.53,8.9145,0.045377
1663540201,17.525,8.9135,0.04494
1663540801,17.5225,8.9115,0.044827
1663541401,17.52,8.913,0.044681
1663542001,17.515,8.91,0.044604
1663542601,17.51,8.9115,0.044423
1663543201,17.5025,8.9085,0.044265
1663543801,17.495,8.91,0.044134
1663544401,17.4875,8.912,0.04414
1663545001,17.4775,8.913,0.043862
1663545601,17.4675,8.9155,0.043973
1663546201,17.46,8.9165,0.043977
1663546801,17.45,8.918,0.043706
1663547401,17.44,8.922,0.044084
1663548001,17.4325,8.9265,0.043483
1663548601,17.4225,8.9275,0.043828
1663549201,17.4125,8.9335,0.043635
1663549801,17.4025,8.934,0.043932
1663550401,17.3875,8.9375,0.043877
1663551001,17.375,8.9395,0.043702
1663551601,17.36,8.944,0.043675
1663552201,17.345,8.9465,0.044136
1663552801,17.3325,8.951,0.043796
1663553401,17.3175,8.9535,0.043736
1663554001,17.3025,8.955,0.043965
1663554601,17.285,8.956,0.043813
1663555201,17.27,8.964,0.044209
1663555801,17.2525,8.9635,0.044003
1663556401,17.24,8.9675,0.044067
1663557001,17.2225,8.971,0.044072
1663557601,17.21,8.974,0.044114
1663558201,17.195,8.9775,0.043946
1663558801,17.1775,8.9795,0.043509
1663559401,17.165,8.9825,0.044032
1663560001,17.1475,8.986,0.044033
1663560601,17.135,8.9865,0.044127
1663561201,17.1225,8.996,0.04427
1663561801,17.105,8.9945,0.044605
1663562401,17.0925,8.999,0.044709
1663563001,17.075,9.0005,0.044236
1663563601,17.0625,9.003,0.044505
1663564201,17.0475,9.0075,0.044281
1663564801,17.0325,9.0085,0.044699
1663565401,17.02,9.0085,0.044263
1663566001,17.0075,9.0125,0.044278
1663566601,16.9925,9.0155,0.044397
1663567201,16.98,9.015,0.044307
1663567801,16.96,9.0125,0.04463
1663568401,16.95,9.02,0.044951
1663569001,16.9325,9.0245,0.044413
1663569601,16.92,9.027,0.044759
1663570201,16.91,9.028,0.044808
1663570801,16.8925,9.035,0.04441
1663571401,16.8825,9.0385,0.044676
1663572001,16.865,9.0435,0.044556
1663572601,16.855,9.0465,0.044722
1663573201,16.8375,9.051,0.045176
1663573801,16.8275,9.051,0.044734
1663574401,16.8125,9.053,0.044481
1663575001,16.795,9.055,0.04461
1663575601,16.7825,9.0595,0.044458
1663576201,16.77,9.063,0.044523
1663576801,16.75,9.067,0.044141
1663577401,16.7375,9.072,0.044258
1663578001,16.72,9.0725,0.044325
1663578601,16.71,9.0755,0.044122
1663579201,16.6925,9.0775,0.043977
1663579801,16.6775,9.081,0.043734
1663580401,16.6625,9.0845,0.043915
1663581001,16.6525,9.089,0.043975
1663581601,16.635,9.0925,0.04409
1663582201,16.6225,9.0965,0.04405
1663582801,16.6125,9.0945,0.043648
1663583401,16.6,9.097,0.043722
1663584001,16.5875,9.0975,0.043752
1663584601,16.575,9.103,0.04345
1663585201,16.5625,9.105,0.043713
1663585801,16.5525,9.1115,0.043471
1663586401,16.54,9.111,0.043222
1663587001,16.5325,9.1175,0.043164
1663587601,16.525,9.118,0.0433
1663588201,16.515,9.1195,0.043147
1663588801,16.5075,9.1245,0.043291
1663589401,16.5,9.1295,0.04343
1663590001,16.495,9.1355,0.042946
1663590601,16.4875,9.135,0.043119
1663591201,16.4825,9.1365,0.04331
1663591801,16.48,9.1375,0.042838
1663592401,16.48,9.143,0.043007
1663593001,16.4825,9.144,0.043306
1663593601,16.4925,9.1435,0.043211
1663594201,16.5075,9.136,0.043395
1663594801,16.5175,9.1355,0.043273
1663595401,16.5325,9.1315,0.043383
1663596001,16.5475,9.131,0.043437
1663596601,16.5625,9.11029494547423,0.044123
1663597201,16.533048145535,9.13226532037562,0.043145
1663597801,16.5443699068987,9.12653965875946,0.043464
1663598401,16.5659631761294,9.11637031524335,0.043663
1663599001,16.5973282218506,9.10760149489703,0.044033
1663599601,16.5854984599459,9.11630289857669,0.04349
1663600201,16.8032371723519,9.08105778395998,0.04428
1663600801,16.7542903051839,9.08380293791713,0.043952
1663601401,16.7559303051839,9.08356918791713,0.043953
1663602001,16.7850923646596,9.0905,0.044232
1663602601,16.8875,9.0815,0.044138
1663603201,16.935,9.071,0.044499
1663603801,16.9825,9.0615,0.044338
1663604401,17.0325,9.049,0.044611
1663605001,17.075,9.0375,0.044455
1663605601,17.125,9.0245,0.044758
1663606201,17.17,9.015,0.044946
1663606801,17.215,9.0035,0.044544
1663607401,17.255,8.993,0.044508
1663608001,17.295,8.99,0.044259
1663608601,17.345,8.9875,0.044569
1663609201,17.4,8.9745,0.044181
1663609801,17.45,8.9655,0.044361
1663610401,17.49,8.9625,0.043984
1663611001,17.5275,8.953,0.043986
1663611601,17.5625,8.9445,0.043949
1663612201,17.5875,8.9355,0.043617
1663612801,17.6,8.9285,0.043504
1663613401,17.6075,8.922,0.04378
1663614001,17.62,8.914,0.043418
1663614601,17.635,8.9065,0.042987
1663615201,17.655,8.903,0.043104
1663615801,17.68,8.8925,0.042927
1663616401,17.6975,8.8815,0.042609
1663617001,17.695,8.8735,0.042854
1663617601,17.6825,8.8715,0.042732
1663618201,17.675,8.868,0.042401
1663618801,17.67,8.8655,0.041982
1663619401,17.665,8.868,0.042158
1663620001,17.665,8.873,0.042036
1663620601,17.665,8.876,0.041846
1663621201,17.6675,8.876,0.041814
1663621801,17.675,8.876,0.041609
1663622401,17.6775,8.876,0.041699
1663623001,17.6825,8.873,0.041432
1663623601,17.685,8.866,0.041104
1663624201,17.6875,8.861,0.041412
1663624801,17.6875,8.86,0.041185
1663625401,17.685,8.856,0.040926
1663626001,17.685,8.855,0.04076
1663626601,17.68,8.856,0.040883
1663627201,17.6725,8.8555,0.040748
1663627801,17.67,8.8575,0.040864
1663628401,17.6625,8.8585,0.040882
1663629001,17.6575,8.862,0.040662
1663629601,17.6525,8.862,0.040608
1663630201,17.6475,8.8645,0.04088
1663630801,17.64,8.8635,0.040971
1663631401,17.6325,8.8655,0.040759
1663632001,17.625,8.867,0.040868
1663632601,17.6225,8.8695,0.040921
1663633201,17.615,8.8705,0.040717
1663633801,17.61,8.8735,0.040909
1663634401,17.6025,8.874,0.040858
1663635001,17.595,8.877,0.041142
1663635601,17.59,8.8785,0.041104
1663636201,17.585,8.8795,0.041226
1663636801,17.5775,8.881,0.041292
1663637401,17.57,8.8815,0.041283
1663638001,17.56,8.884,0.041306
1663638601,17.5525,8.8875,0.041626
1663639201,17.5475,8.8885,0.041486
1663639801,17.54,8.8895,0.041497
1663640401,17.5325,8.8915,0.04158
1663641001,17.525,8.8905,0.041656
1663641601,17.5175,8.895,0.041903
1663642201,17.51,8.898,0.041868
1663642801,17.5,8.9,0.041794
1663643401,17.4925,8.9,0.041781
1663644001,17.485,8.901,0.041839
1663644601,17.4775,8.903,0.04207
1663645201,17.4675,8.9055,0.042085
1663645801,17.46,8.907,0.042212
1663646401,17.4525,8.906,0.042471
1663647001,17.445,8.906,0.042314
1663647601,17.4375,8.909,0.042604
1663648201,17.43,8.9085,0.042284
1663648801,17.4225,8.911,0.04225
1663649401,17.415,8.9135,0.042397
1663650001,17.4075,8.91,0.042511
1663650601,17.4025,8.9075,0.042544
1663651201,17.4,8.9095,0.042384
1663651801,17.4,8.9085,0.042822
1663652401,17.395,8.912,0.042642
1663653001,17.3925,8.9085,0.042834
1663653601,17.39,8.908,0.042827
1663654201,17.385,8.901,0.042883
1663654801,17.385,8.9105,0.042714
1663655401,17.3825,8.9105,0.042926
1663656001,17.375,8.9105,0.043148
1663656601,17.375,8.9105,0.042801
1663657201,17.375,8.911,0.043266
1663657801,17.3775,8.9095,0.043168
1663658401,17.38,8.91,0.043328
1663659001,17.3725,8.909,0.043044
1663659601,17.375,8.9075,0.043511
1663660201,17.37,8.908,0.04328
1663660801,17.375,8.906,0.043248
1663661401,17.375,8.904,0.043685
1663662001,17.375,8.905,0.043352
1663662601,17.375,8.904,0.043475
1663663201,17.375,8.9005,0.043558
1663663801,17.375,8.9005,0.043457
1663664401,17.375,8.9035,0.043416
1663665001,17.375,8.9005,0.043538
1663665601,17.375,8.9,0.043589
1663666201,17.3775,8.902,0.043559
1663666801,17.385,8.9005,0.04339
1663667401,17.385,8.8975,0.043088
1663668001,17.385,8.897,0.043648
1663668601,17.3875,8.8955,0.043771
1663669201,17.395,8.8945,0.043618
1663669801,17.395,8.895,0.043659
1663670401,17.3975,8.893,0.043581
1663671001,17.4,8.8935,0.043558
1663671601,17.4025,8.8945,0.043349
1663672201,17.405,8.8945,0.043319
1663672801,17.405,8.8935,0.043395
1663673401,17.4075,8.8975,0.043883
1663674001,17.41,8.895,0.043629
1663674601,17.41,8.9035,0.043697
1663675201,17.41,8.902,0.043537
1663675801,17.415,8.901,0.043318
1663676401,17.42,8.9015,0.043758
1663677001,17.42,8.903,0.043393
1663677601,17.4225,8.9025,0.043666
1663678201,17.43,8.907,0.043652
1663678801,17.4325,8.91,0.043462
1663679401,17.4425,8.91,0.0433
1663680001,17.45,8.9055,0.043837
1663680601,17.46,8.9085,0.043764
1663681201,17.4675,8.9035,0.043795
1663681801,17.475,8.909,0.044656
1663682401,17.4875,8.9135,0.045762
1663683001,17.505,8.914,0.046744
1663683601,17.5225,8.9065,0.046613
1663684201,17.5375,8.903,0.045824
1663684801,17.555,8.895,0.044859
1663685401,17.5725,8.887,0.044371
1663686001,17.59,8.885,0.043877
1663686601,17.605,8.884,0.044145
1663687201,17.6325,8.883,0.043909
1663687801,17.6675,8.8805,0.043713
1663688401,17.71,8.8795,0.043919
1663689001,17.7625,8.877,0.044025
1663689601,17.805,8.8715,0.044257
1663690201,17.8525,8.8625,0.044333
1663690801,17.8975,8.8555,0.044152
1663691401,17.935,8.848,0.044386
1663692001,17.98,8.8465,0.044567
1663692601,18.025,8.8375,0.044741
1663693201,18.06,8.8275,0.044515
1663693801,18.085,8.8245,0.044689
1663694401,18.115,8.817,0.044367
1663695001,18.1525,8.8075,0.044637
1663695601,18.1925,8.794,0.0447
1663696201,18.2275,8.792,0.044351
1663696801,18.245,8.789,0.043881
1663697401,18.2675,8.785,0.044051
1663698001,18.2975,8.775,0.043971
1663698601,18.345,8.761,0.044151
1663699201,18.3775,8.7545,0.043976
1663699801,18.4,8.7455,0.043841
1663700401,18.4225,8.738,0.043481
1663701001,18.4375,8.733,0.043373
1663701601,18.45,8.725,0.043197
1663702201,18.4625,8.7245,0.042875
1663702801,18.4675,8.7205,0.042714
1663703401,18.4725,8.718,0.042867
1663704001,18.47,8.7145,0.042802
1663704601,18.4725,8.7155,0.042393
1663705201,18.4675,8.7115,0.041982
1663705801,18.4625,8.709,0.042353
1663706401,18.46,8.709,0.041989
1663707001,18.455,8.7075,0.041743
1663707601,18.45,8.71,0.041382
1663708201,18.445,8.707,0.041739
1663708801,18.4425,8.709,0.041276
1663709401,18.435,8.712,0.041292
1663710001,18.43,8.713,0.040879
1663710601,18.4225,8.715,0.040814
1663711201,18.4125,8.716,0.040819
1663711801,18.4025,8.717,0.040433
1663712401,18.39,8.719,0.04009
1663713001,18.38,8.72,0.03972
1663713601,18.37,8.7195,0.039646
1663714201,18.3625,8.72,0.039385
1663714801,18.35,8.72,0.039584
1663715401,18.34,8.7225,0.039093
1663716001,18.33,8.7265,0.038995
1663716601,18.32,8.7255,0.038696
1663717201,18.3075,8.7265,0.038697
1663717801,18.2975,8.73,0.038831
1663718401,18.285,8.7325,0.038404
1663719001,18.27,8.7345,0.038486
1663719601,18.255,8.736,0.038335
1663720201,18.245,8.739,0.038292
1663720801,18.225,8.744,0.038356
1663721401,18.21,8.7455,0.03828
1663722001,18.1975,8.748,0.038196
1663722601,18.18,8.7505,0.038229
1663723201,18.17,8.754,0.03796
1663723801,18.1525,8.7595,0.038016
1663724401,18.1375,8.763,0.038211
1663725001,18.12,8.767,0.038187
1663725601,18.105,8.7685,0.037963
1663726201,18.0925,8.771,0.038095
1663726801,18.0775,8.7765,0.038315
1663727401,18.0625,8.7795,0.037778
1663728001,18.045,8.782,0.038403
1663728601,18.0325,8.7835,0.038036
1663729201,18.015,8.7885,0.038193
1663729801,18.0025,8.7905,0.038226
1663730401,17.9875,8.7915,0.038042
1663731001,17.9725,8.7965,0.038092
1663731601,17.9575,8.799,0.038261
1663732201,17.945,8.801,0.038383
1663732801,17.9325,8.8005,0.038183
1663733401,17.9225,8.806,0.03828
1663734001,17.9075,8.8065,0.038561
1663734601,17.895,8.8065,0.038586
1663735201,17.8825,8.81,0.038518
1663735801,17.8725,8.812,0.038653
1663736401,17.86,8.814,0.038901
1663737001,17.845,8.8145,0.038818
1663737601,17.8325,8.82,0.03907
1663738201,17.8175,8.8195,0.03886
1663738801,17.8,8.821,0.038441
1663739401,17.79,8.825,0.038878
1663740001,17.77,8.8285,0.038745
1663740601,17.7525,8.831,0.038997
1663741201,17.7375,8.835,0.038841
1663741801,17.725,8.8375,0.039032
1663742401,17.71,8.844,0.038655
1663743001,17.695,8.8445,0.038961
1663743601,17.6775,8.8485,0.039031
1663744201,17.665,8.8495,0.038797
1663744801,17.65,8.853,0.038664
1663745401,17.63,8.857,0.038927
1663746001,17.615,8.8615,0.038831
1663746601,17.5975,8.8615,0.038481
1663747201,17.58,8.8635,0.038754
1663747801,17.565,8.8725,0.038392
1663748401,17.545,8.8745,0.038581
1663749001,17.53,8.876,0.03874
1663749601,17.515,8.8825,0.038498
1663750201,17.4975,8.8875,0.038602
1663750801,17.4775,8.891,0.03817
1663751401,17.465,8.8945,0.03789
1663752001,17.4475,8.8985,0.038274
1663752601,17.4325,8.8995,0.03839
1663753201,17.42,8.9055,0.03809
1663753801,17.4,8.909,0.038109
1663754401,17.39,8.914,0.038133
1663755001,17.375,8.915,0.038108
1663755601,17.3625,8.9185,0.037922
1663756201,17.35,8.9235,0.038107
1663756801,17.335,8.9245,0.037899
1663757401,17.32,8.926,0.037952
1663758001,17.31,8.931,0.037609
1663758601,17.2975,8.934,0.037783
1663759201,17.2825,8.939,0.038053
1663759801,17.27,8.9395,0.037398
1663760401,17.2575,8.9445,0.037705
1663761001,17.2475,8.946,0.037228
1663761601,17.24,8.951,0.037686
1663762201,17.2325,8.9515,0.037707
1663762801,17.22,8.95,0.037662
1663763401,17.21,8.9595,0.037543
1663764001,17.2025,8.9615,0.037391
1663764601,17.195,8.9645,0.037394
1663765201,17.19,8.9675,0.037406
1663765801,17.1825,8.967,0.037175
1663766401,17.1775,8.9695,0.037002
1663767001,17.1675,8.9745,0.037407
1663767601,17.165,8.9755,0.03712
1663768201,17.16,8.975,0.036777
1663768801,17.155,8.9755,0.037145
1663769401,17.16,8.9765,0.036992
1663770001,17.16,8.9775,0.0367
1663770601,17.1675,8.972,0.036798
1663771201,17.18,8.9675,0.036763
1663771801,17.19,8.968,0.036839
1663772401,17.21,8.9605,0.036682
1663773001,17.23,8.962,0.036557
1663773601,17.2625,8.957,0.036512
1663774201,17.295,8.952,0.037256
1663774801,17.3425,8.9445,0.037295
1663775401,17.39,8.9345,0.036942
1663776001,17.4375,8.9215,0.037011
1663776601,17.49,8.9115,0.037284
1663777201,17.5475,8.9005,0.037486
1663777801,17.5925,8.8875,0.037607
1663778401,17.6425,8.8755,0.038008
1663779001,17.7025,8.866,0.037863
1663779601,17.76,8.856,0.037733
1663780201,17.795,8.847,0.037504
1663780801,17.8425,8.838,0.037424
1663781401,17.8925,8.827,0.037304
1663782001,17.9425,8.8135,0.036837
1663782601,18.0025,8.8035,0.037156
1663783201,18.0575,8.7935,0.037129
1663783801,18.1125,8.7815,0.037129
1663784401,18.155,8.774,0.037107
1663785001,18.1925,8.7655,0.037062
1663785601,18.2175,8.758,0.036882
1663786201,18.2325,8.751,0.036789
1663786801,18.245,8.744,0.036617
1663787401,18.26,8.74,0.036747
1663788001,18.27,8.7365,0.036213
1663788601,18.2775,8.732,0.036046
1663789201,18.2875,8.7285,0.036126
1663789801,18.295,8.7265,0.035816
1663790401,18.2975,8.7215,0.035655
1663791001,18.2925,8.7205,0.035553
1663791601,18.2925,8.719,0.035643
1663792201,18.295,8.72,0.03534
1663792801,18.2875,8.7045,0.035119
1663793401,18.29,8.7085,0.035109
1663794001,18.295,8.7105,0.034994
1663794601,18.29,8.711,0.034857
1663795201,18.2925,8.7105,0.034702
1663795801,18.285,8.7115,0.034458
1663796401,18.2825,8.7105,0.034142
1663797001,18.28,8.7145,0.034091
1663797601,18.275,8.715,0.033887
1663798201,18.27,8.715,0.033764
1663798801,18.26,8.715,0.033594
1663799401,18.2575,8.715,0.033497
1663800001,18.255,8.7135,0.033168
1663800601,18.2525,8.7115,0.033363
1663801201,18.2475,8.713,0.033396
1663801801,18.245,8.711,0.032871
1663802401,18.2425,8.711,0.033166
1663803001,18.2375,8.71,0.033106
1663803601,18.235,8.711,0.032873
1663804201,18.2275,8.7145,0.032721
1663804801,18.22,8.7135,0.032795
1663805401,18.21,8.7205,0.032853
1663806001,18.2025,8.721,0.032465
1663806601,18.1925,8.726,0.032697
1663807201,18.18,8.729,0.032817
1663807801,18.17,8.732,0.032708
1663808401,18.1525,8.7365,0.032848
1663809001,18.14,8.742,0.033051
1663809601,18.1225,8.7455,0.032602
1663810201,18.105,8.7515,0.032797
1663810801,18.085,8.7555,0.032981
1663811401,18.065,8.7575,0.032729
1663812001,18.045,8.765,0.032642
1663812601,18.0225,8.766,0.032472
1663813201,18,8.7695,0.032389
1663813801,17.985,8.773,0.032731
1663814401,17.965,8.7785,0.032744
1663815001,17.9475,8.7805,0.032484
1663815601,17.9275,8.784,0.03292
1663816201,17.91,8.788,0.032873
1663816801,17.9,8.79,0.032873
1663817401,17.88,8.7925,0.032938
1663818001,17.8675,8.791,0.033072
1663818601,17.8575,8.794,0.032974
1663819201,17.845,8.795,0.032913
1663819801,17.835,8.797,0.033084
1663820401,17.825,8.799,0.033158
1663821001,17.815,8.8,0.033197
1663821601,17.81,8.8,0.033381
1663822201,17.8025,8.8005,0.033223
1663822801,17.7925,8.8015,0.033155
1663823401,17.7875,8.801,0.03363
1663824001,17.78,8.802,0.033588
1663824601,17.78,8.8005,0.033654
1663825201,17.775,8.7995,0.033847
1663825801,17.7725,8.7985,0.033896
1663826401,17.7725,8.7985,0.03394
1663827001,17.7675,8.7965,0.034074
1663827601,17.765,8.797,0.033851
1663828201,17.765,8.795,0.034362
1663828801,17.765,8.7915,0.034283
1663829401,17.77,8.792,0.034308
1663830001,17.7781118091173,8.79,0.034577
1663830601,17.775,8.79,0.034697
1663831201,17.775,8.7865,0.034623
1663831801,17.775,8.785,0.034645
1663832401,17.78,8.7865,0.034808
1663833001,17.7875,8.7825,0.034642
1663833601,17.79,8.7815,0.034742
1663834201,17.79,8.778,0.034844
1663834801,17.7975,8.777,0.035015
1663835401,17.8,8.776,0.035277
1663836001,17.8075,8.7765,0.035388
1663836601,17.81,8.771,0.035069
1663837201,17.815,8.772,0.035481
1663837801,17.82,8.7705,0.035426
1663838401,17.8225,8.7705,0.035541
1663839001,17.83,8.769,0.035596
1663839601,17.83,8.766,0.035865
1663840201,17.835,8.768,0.036075
1663840801,17.84,8.767,0.035817
1663841401,17.8425,8.764,0.035837
1663842001,17.845,8.764,0.035889
1663842601,17.845,8.7625,0.036143
1663843201,17.8475,8.7655,0.036178
1663843801,17.85,8.764,0.036244
1663844401,17.8525,8.7655,0.036229
1663845001,17.86,8.763,0.036109
1663845601,17.8625,8.761,0.036474
1663846201,17.865,8.759,0.036369
1663846801,17.87,8.76,0.036348
1663847401,17.8725,8.762,0.036368
1663848001,17.875,8.765,0.036516
1663848601,17.875,8.766,0.036409
1663849201,17.875,8.7695,0.036523
1663849801,17.875,8.7685,0.036508
1663850401,17.8775,8.7705,0.0364
1663851001,17.88,8.7725,0.036478
1663851601,17.885,8.772,0.03647
1663852201,17.8875,8.773,0.036736
1663852801,17.8925,8.778,0.037125
1663853401,17.9025,8.7745,0.036631
1663854001,17.9125,8.7755,0.036699
1663854601,17.9225,8.775,0.036627
1663855201,17.9325,8.7755,0.036662
1663855801,17.945,8.7695,0.036421
1663856401,17.9525,8.769,0.036486
1663857001,17.9625,8.7695,0.036663
1663857601,17.9725,8.771,0.03642
1663858201,17.9825,8.771,0.036384
1663858801,17.995,8.776,0.036615
1663859401,18.01,8.7745,0.036547
1663860001,18.035,8.7695,0.036461
1663860601,18.065,8.764,0.03671
1663861201,18.0925,8.739,0.036808
1663861801,18.1075,8.739,0.03709
1663862401,18.1225,8.735,0.036964
1663863001,18.14,8.726,0.036805
1663863601,18.1475,8.7375,0.036408
1663864201,18.16,8.7375,0.036235
1663864801,18.1725,8.7375,0.036274
1663865401,18.19,8.7395,0.036733
1663866001,18.21,8.736,0.03664
1663866601,18.23,8.7245,0.036993
1663867201,18.2425,8.716,0.036623
1663867801,18.2525,8.722,0.036828
1663868401,18.27,8.7225,0.037051
1663869001,18.29,8.7135,0.036703
1663869601,18.3,8.7025,0.036839
1663870201,18.31,8.69,0.03722
1663870801,18.31,8.697,0.037422
1663871401,18.3225,8.692,0.037405
1663872001,18.3225,8.694,0.037195
1663872601,18.3225,8.7015,0.037427
1663873201,18.3275,8.699,0.037274
1663873801,18.33,8.7015,0.037611
1663874401,18.335,8.702,0.038028
1663875001,18.3375,8.7065,0.038116
1663875601,18.3475,8.706,0.037771
1663876201,18.355,8.7035,0.03789
1663876801,18.3675,8.697,0.038068
1663877401,18.375,8.6915,0.0382
1663878001,18.385,8.687,0.038341
1663878601,18.3875,8.686,0.038547
1663879201,18.39,8.68,0.038695
1663879801,18.39,8.677,0.03899
1663880401,18.39,8.672,0.039126
1663881001,18.39,8.67,0.039617
1663881601,18.385,8.675,0.039772
1663882201,18.3775,8.6765,0.03966
1663882801,18.365,8.681,0.039981
1663883401,18.35,8.686,0.039877
1663884001,18.335,8.6905,0.039577
1663884601,18.315,8.693,0.039664
1663885201,18.295,8.699,0.039596
1663885801,18.2725,8.7025,0.039526
1663886401,18.2525,8.7095,0.039079
1663887001,18.2325,8.7135,0.039244
1663887601,18.2125,8.7195,0.038917
1663888201,18.185,8.725,0.039184
1663888801,18.1675,8.732,0.038961
1663889401,18.1375,8.735,0.038629
1663890001,18.1125,8.739,0.038455
1663890601,18.09,8.7455,0.038282
1663891201,18.065,8.7535,0.037919
1663891801,18.04,8.759,0.037843
1663892401,18.0125,8.7675,0.037379
1663893001,17.985,8.7745,0.036878
1663893601,17.9575,8.786,0.037023
1663894201,17.925,8.795,0.036118
1663894801,17.8925,8.8015,0.0361
1663895401,17.8575,8.808,0.035897
1663896001,17.825,8.816,0.035784
1663896601,17.79,8.824,0.035236
1663897201,17.755,8.8345,0.035177
1663897801,17.715,8.8425,0.034611
1663898401,17.675,8.8525,0.034631
1663899001,17.6375,8.862,0.033988
1663899601,17.6,8.8725,0.033899
1663900201,17.56,8.8805,0.03349
1663900801,17.52,8.889,0.033332
1663901401,17.48,8.8995,0.033143
1663902001,17.4475,8.906,0.03284
1663902601,17.41,8.9135,0.032665
1663903201,17.375,8.9215,0.032507
1663903801,17.34,8.929,0.032095
1663904401,17.2975,8.9365,0.032059
1663905001,17.2575,8.9465,0.031734
1663905601,17.22,8.9545,0.031763
1663906201,17.1875,8.9625,0.031446
1663906801,17.15,8.9715,0.03136
1663907401,17.115,8.978,0.031386
1663908001,17.075,8.982,0.031307
1663908601,17.04,8.992,0.031098
1663909201,17.005,8.9985,0.03077
1663909801,16.965,9.006,0.030803
1663910401,16.9275,9.0165,0.030558
1663911001,16.8975,9.0235,0.03039
1663911601,16.8675,9.03,0.030252
1663912201,16.8275,9.037,0.030415
1663912801,16.79,9.044,0.030232
1663913401,16.76,9.05,0.030068
1663914001,16.72,9.0555,0.029748
1663914601,16.69,9.059,0.029966
1663915201,16.6625,9.0655,0.029699
1663915801,16.6325,9.074,0.029629
1663916401,16.6025,9.0805,0.029359
1663917001,16.57,9.088,0.029466
1663917601,16.54,9.0935,0.029236
1663918201,16.5075,9.1005,0.02935
1663918801,16.4775,9.109,0.028914
1663919401,16.4475,9.1125,0.029011
1663920001,16.415,9.1205,0.028675
1663920601,16.385,9.126,0.028788
1663921201,16.3525,9.1355,0.028416
1663921801,16.32,9.14,0.028274
1663922401,16.2875,9.151,0.027965
1663923001,16.25,9.1605,0.02816
1663923601,16.2125,9.169,0.027763
1663924201,16.175,9.18,0.027696
1663924801,16.135,9.193,0.027632
1663925401,16.0875,9.2015,0.027234
1663926001,16.045,9.2105,0.027018
1663926601,16.01,9.221,0.027065
1663927201,15.9675,9.2305,0.027214
1663927801,15.9225,9.2415,0.026981
1663928401,15.8825,9.2515,0.026739
1663929001,15.8425,9.259,0.026465
1663929601,15.8,9.272,0.02626
1663930201,15.76,9.283,0.026241
1663930801,15.715,9.291,0.025856
1663931401,15.67,9.2975,0.025889
1663932001,15.63,9.3105,0.025751
1663932601,15.59,9.3185,0.025781
1663933201,15.555,9.329,0.025518
1663933801,15.5225,9.3365,0.025357
1663934401,15.485,9.346,0.025152
1663935001,15.445,9.352,0.024987
1663935601,15.4125,9.36,0.024572
1663936201,15.375,9.371,0.024792
1663936801,15.34,9.378,0.024463
1663937401,15.3125,9.384,0.024246
1663938001,15.295,9.3875,0.024293
1663938601,15.2725,9.394,0.024088
1663939201,15.25,9.3975,0.024162
1663939801,15.2325,9.405,0.024029
1663940401,15.22,9.406,0.024197
1663941001,15.21,9.406,0.023949
1663941601,15.205,9.4085,0.024131
1663942201,15.205,9.412,0.024221
1663942801,15.21,9.4095,0.024247
1663943401,15.2175,9.411,0.02416
1663944001,15.225,9.4145,0.024039
1663944601,15.2325,9.412,0.024019
1663945201,15.2475,9.4115,0.024111
1663945801,15.26,9.41,0.024073
1663946401,15.2775,9.405,0.023997
1663947001,15.305,9.4015,0.024212
1663947601,15.3375,9.397,0.024393
1663948201,15.38,9.393,0.024671
1663948801,15.4175,9.386,0.024681
1663949401,15.45,9.3765,0.02483
1663950001,15.4825,9.368,0.024821
1663950601,15.5125,9.3635,0.025082
1663951201,15.545,9.352,0.025602
1663951801,15.605,9.343,0.025774
1663952401,15.6575,9.332,0.02553
1663953001,15.695,9.322,0.025261
1663953601,15.7225,9.3075,0.025221
1663954201,15.76,9.297,0.025032
1663954801,15.795,9.2845,0.025141
1663955401,15.83,9.274,0.025061
1663956001,15.8775,9.261,0.025064
1663956601,15.9225,9.2505,0.025154
1663957201,15.9625,9.239,0.025082
1663957801,15.9975,9.228,0.025148
1663958401,16.025,9.2215,0.025132
1663959001,16.0375,9.2165,0.025269
1663959601,16.0525,9.2095,0.025245
1663960201,16.065,9.2045,0.025069
1663960801,16.08,9.199,0.024723
1663961401,16.09,9.1955,0.024699
1663962001,16.1,9.192,0.024829
1663962601,16.1075,9.1925,0.024656
1663963201,16.11,9.1905,0.024769
1663963801,16.1075,9.1895,0.024821
1663964401,16.1075,9.189,0.024636
1663965001,16.105,9.186,0.024386
1663965601,16.105,9.1825,0.024214
1663966201,16.105,9.184,0.02434
1663966801,16.105,9.183,0.024159
1663967401,16.105,9.183,0.024095
1663968001,16.1,9.181,0.023855
1663968601,16.1,9.1805,0.023843
1663969201,16.1,9.1795,0.024058
1663969801,16.0975,9.179,0.023713
1663970401,16.0875,9.181,0.023805
1663971001,16.0825,9.183,0.023528
1663971601,16.075,9.186,0.023612
1663972201,16.0625,9.186,0.023354
1663972801,16.0525,9.1915,0.023377
1663973401,16.0375,9.1935,0.023009
1663974001,16.025,9.196,0.022735
1663974601,16.01,9.201,0.022421
1663975201,15.995,9.1995,0.022765
1663975801,15.985,9.2045,0.022533
1663976401,15.965,9.2075,0.022251
1663977001,15.9475,9.21,0.022215
1663977601,15.9325,9.212,0.022187
1663978201,15.915,9.2205,0.022107
1663978801,15.89,9.225,0.022194
1663979401,15.87,9.229,0.022071
1663980001,15.855,9.23,0.022008
1663980601,15.84,9.239,0.022202
1663981201,15.82,9.245,0.021856
1663981801,15.8,9.247,0.021676
1663982401,15.78,9.2495,0.021759
1663983001,15.76,9.257,0.021876
1663983601,15.74,9.258,0.021794
1663984201,15.72,9.2645,0.0216
1663984801,15.705,9.268,0.02156
1663985401,15.685,9.2735,0.021461
1663986001,15.665,9.2775,0.021624
1663986601,15.645,9.279,0.021766
1663987201,15.625,9.286,0.021682
1663987801,15.6025,9.2895,0.021623
1663988401,15.585,9.2955,0.021702
1663989001,15.5625,9.296,0.021612
1663989601,15.545,9.3,0.021475
1663990201,15.525,9.3035,0.021623
1663990801,15.5025,9.312,0.021402
1663991401,15.48,9.316,0.021659
1663992001,15.46,9.3215,0.021651
1663992601,15.44,9.3285,0.021578
1663993201,15.415,9.3335,0.021888
1663993801,15.395,9.337,0.021742
1663994401,15.375,9.337,0.0218
1663995001,15.355,9.3435,0.021838
1663995601,15.3375,9.3475,0.021924
1663996201,15.315,9.3515,0.021682
1663996801,15.3,9.3565,0.021834
1663997401,15.285,9.3575,0.02176
1663998001,15.2675,9.3625,0.021972
1663998601,15.2475,9.363,0.021788
1663999201,15.23,9.365,0.021891
1663999801,15.21,9.3685,0.021788
1664000401,15.195,9.3695,0.022229
1664001001,15.18,9.3735,0.02198
1664001601,15.1675,9.3785,0.022052
1664002201,15.155,9.3825,0.022119
1664002801,15.145,9.381,0.022203
1664003401,15.1325,9.384,0.022025
1664004001,15.125,9.384,0.022079
1664004601,15.1175,9.383,0.022166
1664005201,15.11,9.38,0.022228
1664005801,15.105,9.377,0.02237
1664006401,15.095,9.377,0.022182
1664007001,15.09,9.376,0.0223
1664007601,15.085,9.3755,0.022275
1664008201,15.08,9.377,0.022182
1664008801,15.08,9.382,0.022303
1664009401,15.075,9.3865,0.022352
1664010001,15.07,9.3855,0.022189
1664010601,15.07,9.388,0.022293
1664011201,15.0675,9.394,0.022251
1664011801,15.065,9.3925,0.022347
1664012401,15.065,9.3965,0.022453
1664013001,15.06,9.395,0.02235
1664013601,15.0575,9.396,0.022337
1664014201,15.06,9.397,0.022468
1664014801,15.055,9.3965,0.022562
1664015401,15.05,9.398,0.022281
1664016001,15.05,9.398,0.022391
1664016601,15.045,9.4005,0.022403
1664017201,15.045,9.398,0.022667
1664017801,15.045,9.398,0.02258
1664018401,15.045,9.402,0.02253
1664019001,15.045,9.404,0.02261
1664019601,15.04,9.4075,0.022607
1664020201,15.04,9.4085,0.022637
1664020801,15.04,9.409,0.022681
1664021401,15.03,9.413,0.022625
1664022001,15.03,9.415,0.022606
1664022601,15.035,9.418,0.022727
1664023201,15.04,9.4225,0.022638
1664023801,15.04,9.4285,0.022688
1664024401,15.04,9.4325,0.022693
1664025001,15.045,9.4335,0.022489
1664025601,15.0525,9.4285,0.022528
1664026201,15.0625,9.434,0.022611
1664026801,15.075,9.4335,0.02259
1664027401,15.09,9.433,0.022556
1664028001,15.1025,9.4355,0.022785
1664028601,15.1175,9.432,0.022634
1664029201,15.135,9.4265,0.0227
1664029801,15.1525,9.4245,0.022703
1664030401,15.17,9.424,0.022942
1664031001,15.185,9.417,0.022627
1664031601,15.2025,9.405,0.022862
1664032201,15.2175,9.3985,0.022825
1664032801,15.2325,9.3945,0.022784
1664033401,15.25,9.3995,0.02274
1664034001,15.27,9.3995,0.022817
1664034601,15.295,9.3915,0.022888
1664035201,15.3175,9.3845,0.023125
1664035801,15.345,9.3865,0.023038
1664036401,15.375,9.3775,0.02309
1664037001,15.4075,9.3665,0.022817
1664037601,15.435,9.3635,0.023168
1664038201,15.47,9.3565,0.023343
1664038801,15.51,9.3485,0.023422
1664039401,15.545,9.3385,0.023307
1664040001,15.5725,9.3255,0.023504
1664040601,15.6,9.323,0.023236
1664041201,15.625,9.318,0.023244
1664041801,15.65,9.3095,0.023283
1664042401,15.6825,9.3015,0.023289
1664043001,15.715,9.288,0.023202
1664043601,15.74,9.278,0.023032
1664044201,15.7625,9.272,0.023025
1664044801,15.785,9.264,0.023188
1664045401,15.805,9.252,0.023049
1664046001,15.815,9.246,0.022734
1664046601,15.8275,9.2445,0.023064
1664047201,15.8425,9.2395,0.022879
1664047801,15.8575,9.237,0.0228
1664048401,15.875,9.223,0.022759
1664049001,15.895,9.2145,0.022566
1664049601,15.915,9.211,0.022802
1664050201,15.93,9.2065,0.02257
1664050801,15.9425,9.198,0.022746
1664051401,15.955,9.1955,0.022489
1664052001,15.97,9.19,0.022463
1664052601,15.985,9.1825,0.022417
1664053201,16,9.173,0.022303
1664053801,16.015,9.169,0.022349
1664054401,16.025,9.167,0.022231
1664055001,16.035,9.1595,0.022016
1664055601,16.045,9.1565,0.022247
1664056201,16.055,9.1535,0.022032
1664056801,16.0625,9.147,0.022028
1664057401,16.065,9.142,0.022083
1664058001,16.07,9.1395,0.021938
1664058601,16.0725,9.139,0.021957
1664059201,16.075,9.134,0.02178
1664059801,16.08,9.1335,0.021638
1664060401,16.08,9.134,0.021832
1664061001,16.08,9.1335,0.021793
1664061601,16.08,9.1335,0.021658
1664062201,16.08,9.1355,0.021494
1664062801,16.08,9.132,0.021476
1664063401,16.075,9.1345,0.021533
1664064001,16.075,9.136,0.021432
1664064601,16.075,9.138,0.021377
1664065201,16.075,9.1375,0.021226
1664065801,16.075,9.137,0.021453
1664066401,16.075,9.1375,0.021502
1664067001,16.075,9.135,0.021534
1664067601,16.075,9.1365,0.021325
1664068201,16.075,9.1395,0.021612
1664068801,16.07,9.137,0.021607
1664069401,16.0675,9.1395,0.021287
1664070001,16.06,9.1405,0.02162
1664070601,16.0575,9.142,0.021676
1664071201,16.0525,9.1455,0.0215
1664071801,16.0425,9.146,0.021492
1664072401,16.035,9.1495,0.0217
1664073001,16.025,9.1525,0.021606
1664073601,16.0175,9.153,0.021812
1664074201,16.01,9.155,0.021881
1664074801,16,9.153,0.021974
1664075401,15.9925,9.1545,0.021797
1664076001,15.99,9.154,0.021825
1664076601,15.9825,9.1535,0.022131
1664077201,15.9825,9.155,0.021934
1664077801,15.975,9.1545,0.022099
1664078401,15.975,9.1545,0.022043
1664079001,15.9725,9.1535,0.022378
1664079601,15.97,9.156,0.022172
1664080201,15.965,9.1545,0.022391
1664080801,15.965,9.159,0.022278
1664081401,15.9575,9.158,0.022456
1664082001,15.955,9.158,0.022565
1664082601,15.95,9.159,0.02264
1664083201,15.945,9.1595,0.022657
1664083801,15.9425,9.1585,0.022834
1664084401,15.94,9.163,0.022743
1664085001,15.935,9.162,0.022797
1664085601,15.93,9.1615,0.023073
1664086201,15.93,9.162,0.022938
1664086801,15.9275,9.1605,0.022748
1664087401,15.9225,9.16,0.022928
1664088001,15.9225,9.16,0.023034
1664088601,15.925,9.16,0.022877
1664089201,15.925,9.159,0.022919
1664089801,15.925,9.156,0.023084
1664090401,15.925,9.155,0.022966
1664091001,15.93,9.152,0.023105
1664091601,15.93,9.1525,0.022923
1664092201,15.93,9.155,0.022968
1664092801,15.93,9.153,0.023102
1664093401,15.93,9.152,0.023161
1664094001,15.93,9.1485,0.023286
1664094601,15.93,9.151,0.023157
1664095201,15.93,9.1525,0.022973
1664095801,15.935,9.1515,0.02312
1664096401,15.9375,9.1475,0.023068
1664097001,15.9425,9.145,0.023118
1664097601,15.945,9.145,0.023052
1664098201,15.945,9.144,0.023168
1664098801,15.9525,9.144,0.023057
1664099401,15.955,9.1425,0.023133
1664100001,15.955,9.1395,0.023081
1664100601,15.9625,9.14,0.023111
1664101201,15.965,9.1375,0.023216
1664101801,15.97,9.1355,0.023245
1664102401,15.9725,9.135,0.023156
1664103001,15.975,9.134,0.023127
1664103601,15.9775,9.1325,0.023279
1664104201,15.98,9.1315,0.02318
1664104801,15.9825,9.133,0.023104
1664105401,15.985,9.137,0.023003
1664106001,15.985,9.141,0.022814
1664106601,15.985,9.144,0.022919
1664107201,15.985,9.1445,0.022891
1664107801,15.9875,9.1455,0.023264
1664108401,15.995,9.15,0.02319
1664109001,15.9975,9.149,0.023185
1664109601,16,9.146,0.022983
1664110201,16.0025,9.143,0.023135
1664110801,16.0125,9.1445,0.022919
1664111401,16.0175,9.1405,0.022983
1664112001,16.025,9.135,0.023109
1664112601,16.0325,9.1375,0.023174
1664113201,16.0425,9.1405,0.023261
1664113801,16.0525,9.143,0.023102
1664114401,16.065,9.1445,0.023195
1664115001,16.08,9.139,0.023086
1664115601,16.095,9.138,0.023248
1664116201,16.11,9.13,0.023041
1664116801,16.125,9.13,0.023085
1664117401,16.14,9.128,0.023001
1664118001,16.1575,9.125,0.023283
1664118601,16.18,9.118,0.023455
1664119201,16.205,9.112,0.023268
1664119801,16.225,9.1005,0.023294
1664120401,16.245,9.0895,0.023308
1664121001,16.255,9.081,0.023508
1664121601,16.27,9.083,0.023429
1664122201,16.2825,9.0795,0.023595
1664122801,16.295,9.0745,0.023432
1664123401,16.3025,9.075,0.023542
1664124001,16.315,9.0725,0.02358
1664124601,16.325,9.069,0.023521
1664125201,16.3375,9.0675,0.023444
1664125801,16.345,9.066,0.023268
1664126401,16.36,9.065,0.023449
1664127001,16.375,9.0615,0.02342
1664127601,16.395,9.065,0.023351
1664128201,16.41,9.0535,0.023504
1664128801,16.43,9.048,0.02355
1664129401,16.445,9.0515,0.023503
1664130001,16.465,9.05,0.023647
1664130601,16.4875,9.043,0.023579
1664131201,16.5125,9.0315,0.023681
1664131801,16.5475,9.0135,0.023897
1664132401,16.585,8.9965,0.023577
1664133001,16.6225,8.987,0.023495
1664133601,16.6575,8.9775,0.023598
1664134201,16.6925,8.9735,0.02337
1664134801,16.7175,8.9645,0.023547
1664135401,16.74,8.9625,0.023641
1664136001,16.755,8.955,0.023198
1664136601,16.7625,8.9505,0.023124
1664137201,16.7625,8.95,0.023065
1664137801,16.7725,8.9425,0.023109
1664138401,16.785,8.9375,0.023082
1664139001,16.7925,8.9325,0.022781
1664139601,16.795,8.9265,0.022992
1664140201,16.805,8.925,0.022779
1664140801,16.82,8.922,0.023019
1664141401,16.8325,8.916,0.023016
1664142001,16.8375,8.915,0.022932
1664142601,16.8425,8.9155,0.023053
1664143201,16.85,8.915,0.022771
1664143801,16.8525,8.917,0.02271
1664144401,16.8525,8.9185,0.022787
1664145001,16.85,8.915,0.022838
1664145601,16.85,8.918,0.022476
1664146201,16.85,8.9165,0.022498
1664146801,16.8575,8.915,0.022294
1664147401,16.86,8.9155,0.022128
1664148001,16.855,8.9155,0.022203
1664148601,16.855,8.9155,0.021985
1664149201,16.855,8.916,0.021708
1664149801,16.85,8.9175,0.021776
1664150401,16.8425,8.9215,0.021793
1664151001,16.83,8.926,0.021468
1664151601,16.8175,8.9255,0.021484
1664152201,16.8075,8.9275,0.021551
1664152801,16.7975,8.927,0.021536
1664153401,16.7925,8.9295,0.021374
1664154001,16.78,8.931,0.021475
1664154601,16.7775,8.9315,0.021331
1664155201,16.77,8.9355,0.022385
1664155801,16.765,8.9405,0.025835
1664156401,16.765,8.9365,0.027317
1664157001,16.755,8.93,0.028164
1664157601,16.7475,8.929,0.028069
1664158201,16.74,8.934,0.027647
1664158801,16.735,8.936,0.028293
1664159401,16.73,8.9415,0.02825
1664160001,16.73,8.9435,0.028416
1664160601,16.725,8.949,0.028797
1664161201,16.7225,8.9495,0.029226
1664161801,16.725,8.951,0.029467
1664162401,16.725,8.955,0.029247
1664163001,16.725,8.953,0.029011
1664163601,16.725,8.953,0.028578
1664164201,16.725,8.958,0.028597
1664164801,16.725,8.9595,0.028919
1664165401,16.725,8.9645,0.029524
1664166001,16.72,8.967,0.030078
1664166601,16.7175,8.9705,0.030389
1664167201,16.715,8.9715,0.030805
1664167801,16.705,8.9765,0.031544
1664168401,16.6975,8.9785,0.03178
1664169001,16.69,8.982,0.031823
1664169601,16.6775,8.9865,0.032141
1664170201,16.67,8.99,0.032158
1664170801,16.655,8.995,0.032057
1664171401,16.64,8.9975,0.031692
1664172001,16.6225,9.0075,0.03201
1664172601,16.6,9.0125,0.031748
1664173201,16.58,9.0155,0.03149
1664173801,16.56,9.0195,0.031501
1664174401,16.535,9.022,0.031124
1664175001,16.5125,9.029,0.030948
1664175601,16.485,9.0345,0.030864
1664176201,16.4625,9.04,0.030378
1664176801,16.44,9.045,0.030411
1664177401,16.41,9.051,0.030172
1664178001,16.385,9.057,0.030179
1664178601,16.3625,9.063,0.029659
1664179201,16.3375,9.0675,0.029311
1664179801,16.31,9.0725,0.02886
1664180401,16.2875,9.0795,0.028423
1664181001,16.26,9.085,0.028396
1664181601,16.23,9.091,0.028329
1664182201,16.21,9.096,0.027698
1664182801,16.18,9.102,0.027629
1664183401,16.1625,9.1065,0.027277
1664184001,16.135,9.11,0.027068
1664184601,16.11,9.1145,0.026781
1664185201,16.085,9.1215,0.026557
1664185801,16.065,9.125,0.026543
1664186401,16.0425,9.132,0.026197
1664187001,16.015,9.135,0.026072
1664187601,15.9925,9.142,0.026069
1664188201,15.97,9.147,0.025809
1664188801,15.95,9.153,0.025528
1664189401,15.9225,9.1595,0.025355
1664190001,15.8975,9.1635,0.025191
1664190601,15.8725,9.1685,0.024892
1664191201,15.8475,9.1745,0.024877
1664191801,15.8225,9.182,0.02471
1664192401,15.8,9.1875,0.024458
1664193001,15.7775,9.194,0.024241
1664193601,15.7525,9.201,0.024167
1664194201,15.7325,9.2095,0.024163
1664194801,15.7125,9.2135,0.023944
1664195401,15.695,9.2205,0.02389
1664196001,15.6825,9.223,0.02368
1664196601,15.675,9.223,0.023517
1664197201,15.67,9.226,0.023635
1664197801,15.665,9.228,0.023387
1664198401,15.66,9.224,0.023516
1664199001,15.66,9.225,0.023879
1664199601,15.66,9.228,0.025198
1664200201,15.665,9.2255,0.025751
1664200801,15.6675,9.226,0.026067
1664201401,15.6775,9.2255,0.025945
1664202001,15.6875,9.2265,0.025421
1664202601,15.7025,9.2235,0.024575
1664203201,15.715,9.22,0.023714
1664203801,15.73,9.215,0.023265
1664204401,15.75,9.212,0.023344
1664205001,15.775,9.206,0.023208
1664205601,15.8025,9.2045,0.023549
1664206201,15.8375,9.2025,0.023436
1664206801,15.885,9.1995,0.023857
1664207401,15.95,9.1915,0.023887
1664208001,15.9975,9.183,0.023805
1664208601,16.02,9.17,0.023488
1664209201,16.0475,9.1665,0.023661
1664209801,16.0725,9.156,0.023684
1664210401,16.1025,9.151,0.023801
1664211001,16.14,9.1445,0.023721
1664211601,16.1725,9.1395,0.023909
1664212201,16.2025,9.126,0.023464
1664212801,16.24,9.1145,0.023477
1664213401,16.2725,9.109,0.02345
1664214001,16.3,9.101,0.023211
1664214601,16.315,9.0915,0.023071
1664215201,16.33,9.088,0.023315
1664215801,16.345,9.084,0.023274
1664216401,16.3675,9.0775,0.022743
1664217001,16.3925,9.0715,0.022736
1664217601,16.4125,9.0655,0.02275
1664218201,16.425,9.0645,0.022419
1664218801,16.44,9.058,0.022628
1664219401,16.46,9.0525,0.02232
1664220001,16.4725,9.0465,0.02213
1664220601,16.48,9.045,0.022002
1664221201,16.4775,9.042,0.021703
1664221801,16.4825,9.0435,0.021614
1664222401,16.4875,9.044,0.021519
1664223001,16.49,9.037,0.021373
1664223601,16.485,9.0395,0.021272
1664224201,16.485,9.037,0.021168
1664224801,16.48,9.031,0.020966
1664225401,16.4725,9.0275,0.020795
1664226001,16.4675,9.0265,0.020435
1664226601,16.4575,9.032,0.020396
1664227201,16.4425,9.0285,0.020037
1664227801,16.4275,9.0305,0.020024
1664228401,16.4075,9.034,0.019839
1664229001,16.39,9.038,0.019702
1664229601,16.37,9.0455,0.019528
1664230201,16.355,9.0495,0.019364
1664230801,16.335,9.054,0.019149
1664231401,16.315,9.06,0.01884
1664232001,16.29,9.062,0.018792
1664232601,16.27,9.072,0.018638
1664233201,16.2475,9.075,0.018428
1664233801,16.225,9.0805,0.018284
1664234401,16.1975,9.087,0.018223
1664235001,16.1725,9.095,0.018036
1664235601,16.1475,9.099,0.018058
1664236201,16.12,9.1065,0.017718
1664236801,16.09,9.1135,0.017746
1664237401,16.0625,9.117,0.017525
1664238001,16.035,9.125,0.017297
1664238601,16.0075,9.136,0.017133
1664239201,15.975,9.14,0.017127
1664239801,15.94,9.151,0.017085
1664240401,15.91,9.1555,0.016929
1664241001,15.88,9.1655,0.016762
1664241601,15.85,9.1725,0.016693
1664242201,15.82,9.178,0.016781
1664242801,15.79,9.185,0.016619
1664243401,15.7575,9.193,0.016515
1664244001,15.7325,9.202,0.016531
1664244601,15.7025,9.209,0.01649
1664245201,15.675,9.2185,0.016584
1664245801,15.65,9.224,0.016443
1664246401,15.6225,9.2285,0.016226
1664247001,15.595,9.237,0.016365
1664247601,15.5725,9.2415,0.016209
1664248201,15.5425,9.2455,0.016258
1664248801,15.5175,9.253,0.016383
1664249401,15.49,9.2605,0.016187
1664250001,15.465,9.267,0.016153
1664250601,15.435,9.272,0.016086
1664251201,15.4125,9.2785,0.015909
1664251801,15.385,9.2855,0.015993
1664252401,15.355,9.294,0.016071
1664253001,15.33,9.2985,0.016003
1664253601,15.305,9.3025,0.016178
1664254201,15.28,9.3135,0.015958
1664254801,15.2475,9.3175,0.016052
1664255401,15.22,9.323,0.01612
1664256001,15.19,9.33,0.016193
1664256601,15.1675,9.337,0.016051
1664257201,15.1375,9.3415,0.016178
1664257801,15.1125,9.3485,0.016103
1664258401,15.085,9.3555,0.016002
1664259001,15.055,9.362,0.015979
1664259601,15.025,9.3675,0.016014
1664260201,14.9925,9.3725,0.015858
1664260801,14.965,9.381,0.016097
1664261401,14.9375,9.386,0.016056
1664262001,14.9125,9.3895,0.015837
1664262601,14.8825,9.3985,0.01592
1664263201,14.8525,9.405,0.015957
1664263801,14.825,9.411,0.015911
1664264401,14.8,9.4135,0.015877
1664265001,14.7775,9.4225,0.015849
1664265601,14.7525,9.429,0.016077
1664266201,14.7275,9.439,0.016003
1664266801,14.7,9.4425,0.015805
1664267401,14.67,9.4465,0.015825
1664268001,14.6475,9.453,0.015816
1664268601,14.62,9.4555,0.015997
1664269201,14.595,9.4655,0.015871
1664269801,14.57,9.4685,0.015919
1664270401,14.545,9.4765,0.015765
1664271001,14.515,9.4855,0.015623
1664271601,14.4825,9.492,0.015628
1664272201,14.4575,9.499,0.015537
1664272801,14.425,9.502,0.015453
1664273401,14.405,9.5095,0.015422
1664274001,14.38,9.519,0.015387
1664274601,14.35,9.525,0.015327
1664275201,14.32,9.53,0.015301
1664275801,14.2925,9.5385,0.015057
1664276401,14.27,9.543,0.0152
1664277001,14.245,9.548,0.015073
1664277601,14.2225,9.556,0.014922
1664278201,14.195,9.557,0.014896
1664278801,14.1725,9.565,0.014815
1664279401,14.145,9.572,0.014881
1664280001,14.1225,9.5795,0.014811
1664280601,14.095,9.5865,0.014855
1664281201,14.075,9.596,0.014644
1664281801,14.055,9.602,0.014792
1664282401,14.03,9.608,0.01472
1664283001,14.01,9.6145,0.014583
1664283601,13.995,9.6185,0.014547
1664284201,13.9875,9.6185,0.014442
1664284801,13.9775,9.6205,0.014525
1664285401,13.97,9.6215,0.014374
1664286001,13.965,9.6265,0.014433
1664286601,13.9675,9.6235,0.014507
1664287201,13.9725,9.622,0.014512
1664287801,13.9825,9.6215,0.014521
1664288401,13.995,9.621,0.014624
1664289001,14.0125,9.62,0.014606
1664289601,14.03,9.621,0.014667
1664290201,14.0475,9.616,0.014789
1664290801,14.07,9.61,0.014792
1664291401,14.09,9.6085,0.014743
1664292001,14.12,9.605,0.014776
1664292601,14.1525,9.6005,0.014874
1664293201,14.1925,9.595,0.015027
1664293801,14.2525,9.5855,0.014951
1664294401,14.2875,9.5805,0.014885
1664295001,14.315,9.5715,0.015086
1664295601,14.345,9.5635,0.015078
1664296201,14.3675,9.559,0.015166
1664296801,14.3925,9.552,0.015242
1664297401,14.42,9.545,0.015225
1664298001,14.4525,9.5375,0.015299
1664298601,14.485,9.5235,0.015169
1664299201,14.5175,9.5145,0.015446
1664299801,14.57,9.5015,0.015237
1664300401,14.6125,9.4935,0.015125
1664301001,14.65,9.48,0.015115
1664301601,14.685,9.4715,0.015109
1664302201,14.725,9.465,0.015077
1664302801,14.77,9.4535,0.01495
1664303401,14.795,9.4495,0.014885
1664304001,14.8125,9.4425,0.01471
1664304601,14.825,9.4345,0.014738
1664305201,14.8275,9.431,0.014639
1664305801,14.83,9.424,0.014548
1664306401,14.8375,9.4225,0.01445
1664307001,14.845,9.421,0.014554
1664307601,14.845,9.4205,0.014486
1664308201,14.84,9.419,0.014164
1664308801,14.83,9.419,0.014191
1664309401,14.8275,9.4205,0.014108
1664310001,14.815,9.421,0.013884
1664310601,14.81,9.423,0.014133
1664311201,14.8025,9.4225,0.013799
1664311801,14.7975,9.423,0.01368
1664312401,14.7925,9.424,0.013775
1664313001,14.785,9.422,0.013543
1664313601,14.7775,9.426,0.013575
1664314201,14.77,9.429,0.01342
1664314801,14.76,9.432,0.013176
1664315401,14.7475,9.4345,0.013214
1664316001,14.735,9.437,0.01295
1664316601,14.72,9.4415,0.01281
1664317201,14.705,9.444,0.012643
1664317801,14.6925,9.4495,0.012621
1664318401,14.6775,9.451,0.012431
1664319001,14.66,9.4565,0.012323
1664319601,14.6425,9.4635,0.012209
1664320201,14.62,9.4675,0.012103
1664320801,14.6,9.4725,0.012029
1664321401,14.5775,9.479,0.011942
1664322001,14.555,9.4805,0.011807
1664322601,14.535,9.487,0.011917
1664323201,14.515,9.4915,0.011866
1664323801,14.49,9.498,0.011546
1664324401,14.465,9.5035,0.011592
1664325001,14.44,9.5125,0.011448
1664325601,14.42,9.519,0.011465
1664326201,14.39,9.5245,0.011431
1664326801,14.37,9.5285,0.011308
1664327401,14.34,9.5385,0.011149
1664328001,14.31,9.5455,0.011093
1664328601,14.2875,9.554,0.011074
1664329201,14.2625,9.5595,0.011221
1664329801,14.235,9.5685,0.01115
1664330401,14.21,9.575,0.010999
1664331001,14.19,9.5815,0.01091
1664331601,14.165,9.5885,0.010926
1664332201,14.1425,9.5935,0.011011
1664332801,14.12,9.6015,0.010932
1664333401,14.095,9.608,0.01078
1664334001,14.075,9.613,0.010869
1664334601,14.0525,9.6175,0.01083
1664335201,14.03,9.6245,0.010794
1664335801,14.0075,9.6285,0.0108
1664336401,13.98,9.6355,0.010888
1664337001,13.9575,9.6415,0.010841
1664337601,13.9325,9.6455,0.010874
1664338201,13.91,9.6495,0.010846
1664338801,13.8925,9.653,0.010868
1664339401,13.875,9.66,0.010888
1664340001,13.8525,9.6655,0.010907
1664340601,13.83,9.6735,0.010927
1664341201,13.805,9.679,0.011016
1664341801,13.79,9.6835,0.010791
1664342401,13.7625,9.688,0.010903
1664343001,13.7425,9.692,0.010821
1664343601,13.72,9.6975,0.010954
1664344201,13.7,9.7045,0.011015
1664344801,13.6825,9.711,0.010854
1664345401,13.6625,9.7165,0.011052
1664346001,13.635,9.7215,0.011063
1664346601,13.615,9.73,0.01092
1664347201,13.5925,9.731,0.010859
1664347801,13.5675,9.738,0.01078
1664348401,13.54,9.7445,0.010988
1664349001,13.52,9.7495,0.01097
1664349601,13.5,9.756,0.011003
1664350201,13.4775,9.7605,0.011019
1664350801,13.455,9.765,0.011094
1664351401,13.435,9.775,0.010952
1664352001,13.41,9.779,0.011017
1664352601,13.3875,9.779,0.010916
1664353201,13.365,9.785,0.011082
1664353801,13.34,9.7925,0.011061
1664354401,13.32,9.797,0.01095
1664355001,13.3,9.8025,0.010926
1664355601,13.28,9.8075,0.010882
1664356201,13.255,9.815,0.011081
1664356801,13.2375,9.817,0.011007
1664357401,13.21,9.825,0.010785
1664358001,13.1875,9.8285,0.010924
1664358601,13.17,9.83,0.010805
1664359201,13.15,9.8375,0.010904
1664359801,13.13,9.8475,0.010827
1664360401,13.1075,9.851,0.010848
1664361001,13.085,9.8575,0.010899
1664361601,13.07,9.858,0.010881
1664362201,13.05,9.865,0.010853
1664362801,13.0275,9.871,0.01065
1664363401,13.005,9.88,0.010552
1664364001,12.985,9.8865,0.010677
1664364601,12.965,9.8905,0.010649
1664365201,12.9425,9.895,0.010619
1664365801,12.925,9.902,0.0106
1664366401,12.9,9.9115,0.01069
1664367001,12.885,9.9155,0.01061
1664367601,12.865,9.918,0.010565
1664368201,12.8475,9.9255,0.010478
1664368801,12.83,9.93,0.010512
1664369401,12.82,9.9365,0.010418
1664370001,12.81,9.939,0.01032
1664370601,12.7975,9.9405,0.010392
1664371201,12.7925,9.943,0.010386
1664371801,12.785,9.9455,0.01047
1664372401,12.79,9.946,0.010554
1664373001,12.7925,9.944,0.010423
1664373601,12.8025,9.9395,0.010745
1664374201,12.8125,9.942,0.010624
1664374801,12.8275,9.9415,0.010667
1664375401,12.85,9.933,0.010611
1664376001,12.8725,9.9305,0.010696
1664376601,12.8975,9.922,0.010717
1664377201,12.9275,9.922,0.011053
1664377801,12.9575,9.9155,0.010812
1664378401,12.9875,9.912,0.010866
1664379001,13.025,9.906,0.011125
1664379601,13.0725,9.898,0.01127
1664380201,13.13,9.8845,0.011137
1664380801,13.1725,9.874,0.011322
1664381401,13.215,9.8695,0.011542
1664382001,13.2525,9.86,0.011495
1664382601,13.2825,9.8475,0.011566
1664383201,13.315,9.8425,0.011575
1664383801,13.34,9.8335,0.011641
1664384401,13.365,9.8215,0.011734
1664385001,13.3975,9.815,0.011668
1664385601,13.4325,9.804,0.011846
1664386201,13.485,9.794,0.011864
1664386801,13.525,9.782,0.011632
1664387401,13.56,9.7705,0.011691
1664388001,13.6025,9.758,0.011561
1664388601,13.65,9.7495,0.011503
1664389201,13.6925,9.74,0.011479
1664389801,13.7225,9.734,0.011623
1664390401,13.74,9.7275,0.011606
1664391001,13.7475,9.724,0.011505
1664391601,13.7575,9.719,0.011285
1664392201,13.76,9.711,0.011333
1664392801,13.77,9.7075,0.011293
1664393401,13.7725,9.7075,0.011258
1664394001,13.7775,9.7065,0.011024
1664394601,13.775,9.705,0.010959
1664395201,13.77,9.7025,0.010796
1664395801,13.765,9.7045,0.010756
1664396401,13.7625,9.698,0.010744
1664397001,13.7575,9.7015,0.010609
1664397601,13.755,9.698,0.010705
1664398201,13.755,9.7025,0.010694
1664398801,13.75,9.7035,0.010461
1664399401,13.745,9.701,0.010374
1664400001,13.7425,9.701,0.01042
1664400601,13.735,9.7015,0.010047
1664401201,13.73,9.7045,0.009964
1664401801,13.7225,9.7045,0.010056
1664402401,13.715,9.703,0.009802
1664403001,13.7125,9.7035,0.009799
1664403601,13.705,9.708,0.009493
1664404201,13.7,9.7125,0.009566
1664404801,13.695,9.712,0.009405
1664405401,13.685,9.714,0.009516
1664406001,13.6825,9.7145,0.009501
1664406601,13.6725,9.716,0.009429
1664407201,13.665,9.72,0.009275
1664407801,13.655,9.722,0.009175
1664408401,13.6525,9.7255,0.009078
1664409001,13.6425,9.729,0.009163
1664409601,13.6275,9.733,0.009118
1664410201,13.61,9.7385,0.008977
1664410801,13.59,9.7435,0.008903
1664411401,13.57,9.7505,0.008882
1664412001,13.555,9.753,0.00891
1664412601,13.5325,9.763,0.008817
1664413201,13.51,9.767,0.008854
1664413801,13.49,9.772,0.00885
1664414401,13.4725,9.7795,0.008858
1664415001,13.45,9.784,0.008713
1664415601,13.4325,9.7895,0.008765
1664416201,13.41,9.793,0.008864
1664416801,13.3925,9.801,0.008702
1664417401,13.3775,9.804,0.008725
1664418001,13.3575,9.8085,0.008777
1664418601,13.3425,9.81,0.008744
1664419201,13.325,9.819,0.008727
1664419801,13.3025,9.827,0.008871
1664420401,13.2825,9.834,0.008831
1664421001,13.2625,9.8445,0.008934
1664421601,13.2375,9.849,0.00875
1664422201,13.2125,9.8545,0.008609
1664422801,13.1825,9.864,0.008525
1664423401,13.1575,9.867,0.008469
1664424001,13.13,9.874,0.008641
1664424601,13.1075,9.8815,0.008597
1664425201,13.0825,9.885,0.008669
1664425801,13.06,9.893,0.008487
1664426401,13.0325,9.8985,0.008494
1664427001,13.0125,9.9035,0.008552
1664427601,12.9925,9.9065,0.008651
1664428201,12.9775,9.912,0.008524
1664428801,12.9525,9.917,0.008643
1664429401,12.93,9.9215,0.008704
1664430001,12.9125,9.922,0.008661
1664430601,12.8975,9.9245,0.008574
1664431201,12.8775,9.929,0.008695
1664431801,12.8625,9.936,0.008723
1664432401,12.8525,9.9405,0.008785
1664433001,12.8375,9.944,0.008764
1664433601,12.8225,9.948,0.008752
1664434201,12.7975,9.953,0.008685
1664434801,12.775,9.9585,0.00857
1664435401,12.75,9.9605,0.008565
1664436001,12.725,9.968,0.00861
1664436601,12.705,9.9695,0.008702
1664437201,12.68,9.9755,0.008584
1664437801,12.65,9.9795,0.008715
1664438401,12.635,9.9875,0.008572
1664439001,12.61,9.9915,0.008642
1664439601,12.5825,9.9955,0.008672
1664440201,12.5625,9.9995,0.008547
1664440801,12.545,10.0055,0.008576
1664441401,12.52,10.0105,0.00843
1664442001,12.4975,10.015,0.00853
1664442601,12.475,10.023,0.008519
1664443201,12.46,10.029,0.008449
1664443801,12.435,10.033,0.008455
1664444401,12.4125,10.041,0.008387
1664445001,12.385,10.0445,0.008435
1664445601,12.36,10.0515,0.008377
1664446201,12.3425,10.0555,0.008416
1664446801,12.32,10.0615,0.008273
1664447401,12.2975,10.0665,0.008292
1664448001,12.285,10.0715,0.008387
1664448601,12.26,10.078,0.00834
1664449201,12.2375,10.0845,0.008407
1664449801,12.2125,10.088,0.008314
1664450401,12.185,10.098,0.008342
1664451001,12.1675,10.1045,0.008331
1664451601,12.145,10.113,0.008318
1664452201,12.125,10.12,0.008235
1664452801,12.1025,10.122,0.008225
1664453401,12.085,10.1325,0.008359
1664454001,12.065,10.1375,0.008249
1664454601,12.045,10.144,0.008088
1664455201,12.02,10.148,0.008228
1664455801,12.0025,10.1535,0.008133
1664456401,11.99,10.157,0.008318
1664457001,11.975,10.16,0.00819
1664457601,11.9675,10.1575,0.008336
1664458201,11.965,10.1585,0.008295
1664458801,11.97,10.157,0.008419
1664459401,11.9725,10.155,0.008437
1664460001,11.98,10.152,0.008444
1664460601,11.9925,10.1505,0.008552
1664461201,11.9975,10.1495,0.008434
1664461801,12.0175,10.1495,0.008533
1664462401,12.04,10.14,0.008652
1664463001,12.065,10.133,0.0086
1664463601,12.095,10.1255,0.00874
1664464201,12.125,10.117,0.008636
1664464801,12.1675,10.1065,0.009086
1664465401,12.21,10.1015,0.008821
1664466001,12.2625,10.0885,0.009098
1664466601,12.3175,10.0785,0.009164
1664467201,12.37,10.0645,0.009327
1664467801,12.41,10.0485,0.009501
1664468401,12.455,10.041,0.009517
1664469001,12.495,10.03,0.00966
1664469601,12.54,10.018,0.009598
1664470201,12.5725,10.002,0.009738
1664470801,12.6125,9.986,0.009674
1664471401,12.66,9.97,0.009952
1664472001,12.7125,9.9515,0.01009
1664472601,12.7775,9.936,0.010316
1664473201,12.835,9.923,0.010053
1664473801,12.895,9.908,0.010266
1664474401,12.9525,9.889,0.010344
1664475001,13.0125,9.874,0.010203
1664475601,13.0675,9.8585,0.010179
1664476201,13.115,9.8445,0.010225
1664476801,13.1475,9.84,0.010204
1664477401,13.1725,9.8305,0.010288
1664478001,13.1925,9.8235,0.010267
1664478601,13.21,9.813,0.01018
1664479201,13.225,9.8075,0.010176
1664479801,13.2425,9.8015,0.010148
1664480401,13.2575,9.798,0.010426
1664481001,13.265,9.7925,0.010242
1664481601,13.2725,9.791,0.010388
1664482201,13.275,9.785,0.010432
1664482801,13.2875,9.7805,0.010151
1664483401,13.2975,9.7775,0.010148
1664484001,13.3075,9.774,0.010142
1664484601,13.32,9.7705,0.010169
1664485201,13.3275,9.7665,0.009875
1664485801,13.3375,9.7565,0.009928
1664486401,13.3425,9.754,0.009874
1664487001,13.355,9.7565,0.009907
1664487601,13.3625,9.747,0.00986
1664488201,13.37,9.7435,0.009822
1664488801,13.375,9.7455,0.009734
1664489401,13.38,9.744,0.009689
1664490001,13.385,9.741,0.009715
1664490601,13.39,9.74,0.00958
1664491201,13.3925,9.7375,0.009328
1664491801,13.395,9.7345,0.009322
1664492401,13.4,9.738,0.009438
1664493001,13.4,9.736,0.009391
1664493601,13.4,9.738,0.009248
1664494201,13.4,9.735,0.00914
1664494801,13.395,9.7375,0.008995
1664495401,13.39,9.7365,0.008992
1664496001,13.385,9.74,0.008925
1664496601,13.38,9.7385,0.009058
1664497201,13.375,9.7425,0.008872
1664497801,13.365,9.7475,0.008915
1664498401,13.3575,9.7475,0.008892
1664499001,13.35,9.7495,0.008708
1664499601,13.345,9.749,0.008838
1664500201,13.3375,9.7575,0.008799
1664500801,13.325,9.76,0.008896
1664501401,13.3175,9.7615,0.008804
1664502001,13.3075,9.766,0.008774
1664502601,13.2975,9.7675,0.008884
1664503201,13.2875,9.771,0.008776
1664503801,13.275,9.7745,0.008826
1664504401,13.265,9.7745,0.008748
1664505001,13.2525,9.7765,0.008692
1664505601,13.24,9.7785,0.008649
1664506201,13.235,9.78,0.008599
1664506801,13.225,9.7825,0.008771
1664507401,13.22,9.786,0.00877
1664508001,13.2075,9.7875,0.008742
1664508601,13.195,9.7875,0.00873
1664509201,13.1875,9.792,0.008675
1664509801,13.17,9.794,0.008663
1664510401,13.1625,9.793,0.008784
1664511001,13.15,9.8,0.008819
1664511601,13.135,9.799,0.008808
1664512201,13.1225,9.7995,0.008794
1664512801,13.11,9.804,0.008893
1664513401,13.095,9.8075,0.008817
1664514001,13.0825,9.812,0.008941
1664514601,13.0675,9.8135,0.00884
1664515201,13.055,9.816,0.008865
1664515801,13.0375,9.82,0.008865
1664516401,13.0175,9.826,0.008795
1664517001,13.0025,9.8295,0.008859
1664517601,12.9875,9.8355,0.009079
1664518201,12.9725,9.833,0.00902
1664518801,12.9575,9.838,0.009
1664519401,12.94,9.8435,0.009113
1664520001,12.92,9.848,0.009142
1664520601,12.905,9.853,0.009056
1664521201,12.885,9.854,0.009097
1664521801,12.8675,9.8625,0.009253
1664522401,12.855,9.863,0.008994
1664523001,12.835,9.87,0.009216
1664523601,12.815,9.8725,0.009164
1664524201,12.8025,9.8755,0.009182
1664524801,12.785,9.88,0.009258
1664525401,12.765,9.88,0.009154
1664526001,12.745,9.887,0.009151
1664526601,12.73,9.8905,0.00927
1664527201,12.71,9.898,0.009265
1664527801,12.695,9.9,0.009235
1664528401,12.675,9.9035,0.009085
1664529001,12.655,9.9065,0.009152
1664529601,12.6375,9.9105,0.009239
1664530201,12.625,9.915,0.009214
1664530801,12.605,9.921,0.009217
1664531401,12.585,9.9235,0.009241
1664532001,12.565,9.929,0.009228
1664532601,12.55,9.934,0.009221
1664533201,12.535,9.9375,0.009207
1664533801,12.515,9.942,0.009096
1664534401,12.495,9.9465,0.00922
1664535001,12.485,9.949,0.009108
1664535601,12.465,9.9545,0.009151
1664536201,12.45,9.96,0.009211
1664536801,12.4375,9.9635,0.009173
1664537401,12.42,9.968,0.009212
1664538001,12.405,9.972,0.009181
1664538601,12.39,9.98,0.009278
1664539201,12.3775,9.981,0.00926
1664539801,12.365,9.9865,0.009378
1664540401,12.3525,9.9915,0.009257
1664541001,12.3375,9.9955,0.009204
1664541601,12.33,10,0.009234
1664542201,12.32,10.0005,0.009053
1664542801,12.32,10.0025,0.009179
1664543401,12.32,10.0075,0.009162
1664544001,12.315,10.0105,0.009153
1664544601,12.31,10.012,0.009371
1664545201,12.315,10.011,0.009213
1664545801,12.32,10.007,0.009236
1664546401,12.3275,9.997,0.009304
1664547001,12.3325,9.9985,0.009388
1664547601,12.34,9.9935,0.00953
1664548201,12.3525,9.9895,0.009438
1664548801,12.3625,9.987,0.009606
1664549401,12.38,9.9855,0.009551
1664550001,12.395,9.979,0.009609
1664550601,12.4175,9.9755,0.009743
1664551201,12.4425,9.9695,0.00966
1664551801,12.4725,9.964,0.009737
1664552401,12.4975,9.9625,0.009931
1664553001,12.5275,9.9585,0.009827
1664553601,12.56,9.9475,0.010101
1664554201,12.605,9.935,0.010017
1664554801,12.645,9.9235,0.010256
1664555401,12.68,9.9135,0.010328
1664556001,12.715,9.904,0.010315
1664556601,12.7525,9.898,0.010326
1664557201,12.79,9.8855,0.010316
1664557801,12.83,9.8735,0.010561
1664558401,12.8725,9.8595,0.010522
1664559001,12.9225,9.849,0.010683
1664559601,12.975,9.834,0.010734
1664560201,13.03,9.8145,0.010757
1664560801,13.08,9.7995,0.010776
1664561401,13.13,9.7765,0.01088
1664562001,13.1825,9.768,0.010835
1664562601,13.225,9.758,0.010679
1664563201,13.2575,9.7515,0.010735
1664563801,13.28,9.7445,0.010813
1664564401,13.295,9.74,0.010771
1664565001,13.32,9.736,0.01082
1664565601,13.3375,9.7285,0.010828
1664566201,13.345,9.72,0.010938
1664566801,13.3575,9.7145,0.011043
1664567401,13.365,9.7065,0.011015
1664568001,13.37,9.703,0.010851
1664568601,13.38,9.703,0.010859
1664569201,13.3825,9.6995,0.010762
1664569801,13.39,9.697,0.010676
1664570401,13.3975,9.6975,0.010648
1664571001,13.405,9.6995,0.01061
1664571601,13.42,9.6995,0.010324
1664572201,13.435,9.6935,0.010487
1664572801,13.4475,9.687,0.010257
1664573401,13.4575,9.6805,0.010238
1664574001,13.4625,9.678,0.0102
1664574601,13.4725,9.6765,0.010117
1664575201,13.48,9.673,0.010083
1664575801,13.48,9.669,0.00988
1664576401,13.48,9.667,0.009861
1664577001,13.4875,9.663,0.009962
1664577601,13.485,9.6595,0.009773
1664578201,13.485,9.6585,0.009811
1664578801,13.485,9.651,0.009634
1664579401,13.485,9.653,0.009581
1664580001,13.485,9.6485,0.009548
1664580601,13.485,9.6485,0.009429
1664581201,13.4825,9.648,0.009369
1664581801,13.475,9.6445,0.009518
